transaction_id,amount,merchant_category,user_country,device_type,hour,is_fraud
1,56.31,Dining,UK,Desktop,10,0
2,361.21,Travel,UK,Tablet,19,0
3,158.01,Dining,UK,Mobile,0,0
4,109.55,Online,CA,Desktop,7,0
5,20.35,Electronics,US,Mobile,4,0
6,20.35,Online,US,Mobile,16,0
7,7.18,Electronics,AU,Tablet,7,0
8,241.35,Grocery,AU,Tablet,9,0
9,110.29,Gas,CA,Mobile,1,0
10,147.75,Online,DE,Desktop,8,0
11,2.5,Dining,US,Tablet,23,0
12,420.43,Grocery,AU,Desktop,22,1
13,214.37,Gas,US,Desktop,2,0
14,28.64,Dining,CA,Desktop,17,0
15,24.08,Travel,CA,Mobile,6,0
16,24.31,Dining,DE,Desktop,14,0
17,43.53,Electronics,DE,Mobile,20,0
18,89.27,Electronics,CA,Mobile,21,0
19,67.86,Travel,AU,Desktop,19,0
20,41.31,Grocery,US,Desktop,17,0
21,113.56,Gas,UK,Desktop,2,0
22,18.03,Dining,DE,Desktop,22,0
23,41.46,Electronics,UK,Mobile,13,0
24,54.75,Grocery,AU,Desktop,23,0
25,73.07,Travel,DE,Desktop,1,0
26,184.55,Online,UK,Mobile,13,0
27,26.73,Electronics,AU,Tablet,21,0
28,86.64,Travel,US,Tablet,10,0
29,107.7,Dining,AU,Mobile,15,0
30,5.71,Gas,DE,Tablet,7,0
31,112.24,Electronics,CA,Mobile,6,0
32,22.44,Electronics,US,Desktop,10,0
33,8.07,Dining,UK,Desktop,2,0
34,356.84,Online,DE,Tablet,16,0
35,404.48,Grocery,CA,Desktop,13,0
36,198.28,Gas,AU,Tablet,5,0
37,43.59,Electronics,CA,Tablet,7,0
38,12.33,Gas,DE,Desktop,21,0
39,138.33,Electronics,DE,Desktop,4,0
40,69.61,Gas,CA,Tablet,7,0
41,15.62,Travel,AU,Desktop,1,0
42,82.03,Electronics,CA,Mobile,14,0
43,4.2,Gas,DE,Desktop,11,0
44,288.05,Grocery,DE,Desktop,16,0
45,35.93,Travel,UK,Mobile,0,0
46,130.35,Travel,UK,Desktop,14,0
47,44.83,Grocery,US,Desktop,13,0
48,88.09,Gas,DE,Tablet,19,0
49,94.95,Dining,UK,Desktop,21,0
50,24.53,Grocery,CA,Desktop,15,0
51,419.14,Gas,AU,Mobile,8,0
52,179.07,Grocery,CA,Tablet,0,0
53,336.61,Grocery,AU,Tablet,16,0
54,270.26,Electronics,UK,Tablet,12,0
55,109.33,Gas,US,Desktop,20,0
56,305.93,Dining,CA,Tablet,20,1
57,11.12,Electronics,CA,Mobile,4,0
58,26.18,Grocery,CA,Tablet,9,0
59,5.55,Online,AU,Mobile,5,0
60,47.22,Grocery,UK,Tablet,23,0
61,59.06,Grocery,CA,Tablet,18,0
62,37.99,Gas,CA,Mobile,12,0
63,211.75,Gas,US,Tablet,0,0
64,52.95,Electronics,US,Tablet,19,0
65,39.58,Dining,UK,Tablet,14,0
66,93.89,Electronics,UK,Desktop,13,0
67,18.23,Travel,DE,Mobile,7,0
68,194.46,Grocery,US,Tablet,9,0
69,9.3,Online,DE,Mobile,8,0
70,520.1,Grocery,AU,Mobile,16,0
71,177.54,Grocery,DE,Mobile,8,0
72,26.58,Electronics,CA,Tablet,2,0
73,0.66,Online,DE,Tablet,10,0
74,202.79,Online,UK,Mobile,11,0
75,147.25,Online,AU,Desktop,9,0
76,156.68,Electronics,CA,Mobile,16,0
77,177.03,Grocery,DE,Desktop,16,0
78,9.23,Electronics,AU,Mobile,10,0
79,53.27,Gas,AU,Mobile,21,1
80,14.78,Gas,CA,Mobile,3,0
81,238.62,Electronics,DE,Tablet,6,0
82,117.16,Online,AU,Desktop,20,0
83,48.22,Grocery,AU,Desktop,13,0
84,7.88,Electronics,US,Mobile,6,0
85,44.7,Electronics,AU,Tablet,23,0
86,47.2,Electronics,US,Tablet,7,0
87,156.95,Travel,DE,Desktop,0,0
88,121.79,Gas,DE,Tablet,23,0
89,261.87,Online,DE,Desktop,21,0
90,76.69,Dining,UK,Desktop,3,0
91,15.28,Online,DE,Desktop,11,0
92,149.9,Dining,AU,Tablet,23,0
93,171.65,Travel,CA,Desktop,2,0
94,98.87,Electronics,US,Desktop,12,1
95,176.87,Travel,UK,Mobile,19,0
96,81.7,Travel,DE,Desktop,5,0
97,88.76,Grocery,DE,Desktop,10,0
98,66.94,Gas,CA,Mobile,22,1
99,3.09,Dining,CA,Mobile,3,0
100,13.7,Electronics,UK,Tablet,19,0
101,3.83,Dining,US,Desktop,15,0
102,121.41,Online,DE,Tablet,6,0
103,45.29,Dining,UK,Tablet,21,0
104,85.25,Online,AU,Mobile,10,0
105,285.75,Gas,AU,Tablet,23,0
106,34.41,Online,UK,Desktop,0,0
107,63.39,Dining,DE,Mobile,6,0
108,169.05,Dining,UK,Desktop,11,0
109,31.18,Online,DE,Desktop,6,0
110,9.61,Travel,CA,Mobile,22,0
111,41.06,Gas,UK,Desktop,6,0
112,21.1,Grocery,DE,Mobile,9,0
113,318.59,Electronics,UK,Desktop,15,0
114,198.11,Dining,UK,Mobile,7,0
115,120.42,Electronics,DE,Tablet,8,0
116,246.18,Grocery,DE,Desktop,8,0
117,195.36,Electronics,US,Mobile,1,0
118,24.78,Grocery,UK,Desktop,12,0
119,267.7,Online,AU,Desktop,12,0
120,93.01,Travel,UK,Desktop,22,0
121,197.68,Dining,UK,Mobile,22,0
122,271.71,Grocery,DE,Tablet,3,0
123,45.93,Electronics,UK,Tablet,23,0
124,13.99,Dining,UK,Tablet,11,0
125,31.04,Travel,AU,Mobile,16,0
126,66.85,Online,DE,Tablet,1,0
127,204.46,Dining,UK,Mobile,12,0
128,236.56,Grocery,CA,Desktop,17,0
129,0.84,Travel,US,Desktop,14,0
130,85.79,Electronics,AU,Tablet,7,0
131,64.83,Travel,UK,Mobile,14,0
132,30.14,Travel,CA,Desktop,0,0
133,15.32,Gas,UK,Mobile,19,0
134,49.43,Travel,UK,Mobile,9,0
135,343.57,Travel,DE,Desktop,11,0
136,46.85,Dining,DE,Mobile,4,0
137,87.77,Electronics,DE,Desktop,8,0
138,145.69,Dining,CA,Desktop,22,0
139,54.24,Dining,UK,Desktop,7,0
140,428.14,Grocery,US,Mobile,15,0
141,393.84,Dining,AU,Desktop,13,0
142,34.81,Gas,DE,Mobile,12,0
143,82.52,Gas,DE,Desktop,22,0
144,42.95,Grocery,UK,Desktop,20,0
145,40.23,Online,UK,Tablet,12,0
146,4.51,Electronics,CA,Tablet,4,0
147,112.86,Electronics,CA,Tablet,15,0
148,83.82,Dining,DE,Mobile,10,0
149,6.34,Dining,UK,Mobile,21,0
150,39.2,Online,US,Desktop,4,0
151,286.66,Dining,AU,Desktop,12,0
152,32.86,Electronics,UK,Desktop,10,0
153,18.78,Travel,UK,Desktop,18,0
154,80.67,Gas,CA,Mobile,2,0
155,509.28,Travel,AU,Desktop,14,0
156,33.26,Travel,DE,Desktop,6,0
157,133.82,Electronics,UK,Tablet,6,0
158,172.07,Travel,DE,Desktop,5,0
159,32.56,Online,UK,Desktop,2,0
160,156.33,Grocery,DE,Desktop,12,0
161,55.02,Dining,AU,Mobile,6,0
162,120.06,Grocery,CA,Tablet,4,0
163,120.46,Gas,AU,Desktop,22,1
164,92.09,Dining,US,Desktop,17,0
165,11.36,Travel,CA,Tablet,21,0
166,216.44,Gas,AU,Desktop,7,0
167,46.42,Dining,US,Mobile,16,0
168,24.77,Online,UK,Desktop,19,0
169,5.0,Online,UK,Mobile,0,0
170,107.25,Online,DE,Mobile,13,0
171,135.82,Online,CA,Desktop,16,0
172,2.01,Travel,UK,Tablet,9,0
173,86.12,Grocery,CA,Mobile,11,0
174,30.82,Dining,UK,Tablet,15,0
175,124.33,Travel,DE,Desktop,13,0
176,22.99,Online,AU,Mobile,15,0
177,140.91,Grocery,DE,Desktop,7,0
178,58.68,Gas,US,Tablet,22,0
179,331.24,Gas,UK,Desktop,9,0
180,17.75,Gas,US,Desktop,16,0
181,50.06,Online,US,Mobile,17,1
182,14.45,Gas,CA,Desktop,19,0
183,310.34,Electronics,UK,Desktop,15,0
184,251.8,Dining,US,Desktop,16,0
185,35.8,Dining,AU,Mobile,15,0
186,129.45,Online,US,Tablet,18,0
187,203.94,Electronics,AU,Tablet,23,0
188,97.22,Travel,CA,Desktop,23,0
189,90.51,Travel,US,Mobile,7,0
190,33.23,Gas,DE,Desktop,5,0
191,11.73,Grocery,CA,Tablet,5,0
192,273.01,Travel,AU,Mobile,20,0
193,276.81,Grocery,CA,Tablet,8,0
194,120.32,Dining,US,Tablet,3,0
195,49.69,Grocery,UK,Mobile,11,0
196,51.55,Dining,UK,Mobile,11,1
197,155.34,Electronics,AU,Desktop,22,0
198,272.89,Electronics,AU,Desktop,16,0
199,261.74,Online,UK,Tablet,14,0
200,181.63,Online,AU,Mobile,8,0
201,123.28,Gas,CA,Mobile,6,0
202,10.55,Travel,DE,Desktop,9,0
203,21.16,Gas,DE,Tablet,15,0
204,274.59,Dining,CA,Tablet,11,0
205,111.9,Gas,DE,Desktop,6,1
206,1.11,Grocery,US,Mobile,17,0
207,12.84,Dining,CA,Desktop,14,0
208,130.7,Online,AU,Desktop,5,0
209,0.61,Electronics,CA,Desktop,11,0
210,21.04,Online,UK,Desktop,10,0
211,95.48,Travel,AU,Mobile,19,0
212,141.28,Dining,UK,Desktop,2,0
213,126.65,Dining,AU,Mobile,1,0
214,30.47,Grocery,DE,Desktop,5,0
215,149.45,Travel,CA,Tablet,23,0
216,32.5,Electronics,US,Mobile,21,0
217,47.24,Dining,AU,Tablet,4,0
218,164.68,Dining,AU,Desktop,17,0
219,125.85,Grocery,UK,Desktop,15,0
220,227.03,Gas,DE,Desktop,7,0
221,128.62,Electronics,UK,Mobile,19,0
222,100.81,Online,UK,Tablet,21,0
223,11.8,Travel,DE,Mobile,10,0
224,55.01,Dining,US,Mobile,9,0
225,36.98,Dining,UK,Desktop,23,0
226,33.56,Online,UK,Tablet,11,0
227,433.48,Electronics,AU,Desktop,20,0
228,59.93,Gas,DE,Mobile,5,0
229,267.13,Dining,CA,Desktop,19,0
230,119.68,Electronics,US,Tablet,4,0
231,190.06,Online,US,Desktop,22,0
232,83.81,Grocery,DE,Tablet,8,0
233,103.22,Gas,AU,Tablet,15,0
234,81.4,Travel,AU,Desktop,21,0
235,26.07,Dining,DE,Mobile,13,0
236,153.81,Electronics,AU,Desktop,21,0
237,39.55,Grocery,US,Mobile,7,0
238,2.95,Travel,US,Mobile,19,0
239,124.44,Electronics,CA,Desktop,18,0
240,23.39,Electronics,DE,Mobile,13,0
241,338.53,Travel,UK,Mobile,6,0
242,369.31,Grocery,UK,Desktop,4,0
243,295.62,Online,CA,Desktop,17,0
244,55.47,Grocery,CA,Desktop,1,1
245,1.87,Gas,AU,Mobile,10,0
246,316.26,Dining,CA,Tablet,21,0
247,67.07,Travel,CA,Mobile,7,0
248,408.1,Online,UK,Tablet,0,0
249,397.65,Travel,AU,Desktop,21,0
250,230.09,Travel,CA,Tablet,11,0
251,41.85,Grocery,CA,Desktop,1,1
252,58.36,Dining,AU,Desktop,17,0
253,228.57,Gas,DE,Tablet,6,0
254,45.74,Electronics,AU,Desktop,16,0
255,22.29,Electronics,UK,Tablet,21,0
256,97.65,Travel,DE,Desktop,22,0
257,330.16,Dining,US,Mobile,13,0
258,142.9,Online,AU,Mobile,23,0
259,101.29,Grocery,UK,Desktop,6,0
260,12.27,Dining,DE,Desktop,21,0
261,114.54,Dining,AU,Tablet,2,0
262,553.27,Grocery,CA,Mobile,5,0
263,18.11,Travel,AU,Tablet,19,0
264,87.66,Dining,US,Desktop,1,0
265,251.83,Electronics,AU,Desktop,16,0
266,162.0,Grocery,DE,Tablet,11,0
267,143.29,Online,DE,Desktop,11,0
268,145.47,Gas,AU,Mobile,16,0
269,53.46,Travel,DE,Tablet,9,0
270,41.71,Grocery,CA,Mobile,2,0
271,198.88,Gas,AU,Mobile,19,0
272,199.36,Gas,CA,Mobile,17,0
273,242.15,Online,CA,Tablet,12,0
274,293.35,Dining,UK,Desktop,11,0
275,85.93,Online,AU,Mobile,16,0
276,83.54,Dining,DE,Mobile,3,0
277,192.11,Dining,CA,Mobile,22,0
278,125.97,Grocery,UK,Desktop,9,0
279,145.27,Grocery,AU,Desktop,10,0
280,190.63,Travel,AU,Tablet,5,0
281,264.88,Dining,US,Desktop,5,0
282,49.5,Gas,US,Tablet,8,0
283,56.51,Electronics,CA,Tablet,14,0
284,11.84,Travel,US,Tablet,1,1
285,103.61,Grocery,CA,Tablet,3,0
286,4.39,Online,DE,Tablet,4,0
287,75.19,Travel,CA,Mobile,16,0
288,93.88,Travel,US,Desktop,7,0
289,40.52,Travel,DE,Mobile,7,0
290,107.24,Travel,US,Tablet,21,0
291,3.72,Electronics,CA,Desktop,11,0
292,4.57,Online,UK,Mobile,20,0
293,207.52,Online,AU,Mobile,7,0
294,53.59,Online,US,Tablet,18,0
295,16.31,Dining,CA,Mobile,2,0
296,88.64,Gas,DE,Mobile,17,0
297,176.36,Online,US,Mobile,20,0
298,29.17,Travel,US,Mobile,18,0
299,117.03,Travel,AU,Mobile,18,0
300,10.71,Online,CA,Tablet,14,0
301,6.37,Online,UK,Tablet,5,0
302,90.95,Travel,DE,Mobile,15,0
303,93.35,Dining,CA,Tablet,7,1
304,121.74,Grocery,DE,Tablet,15,0
305,155.4,Grocery,US,Desktop,17,0
306,446.83,Online,AU,Mobile,19,0
307,87.15,Electronics,AU,Tablet,15,0
308,46.8,Online,UK,Tablet,10,0
309,190.28,Online,AU,Mobile,6,0
310,37.9,Grocery,US,Desktop,16,0
311,69.36,Travel,UK,Mobile,16,0
312,9.8,Online,CA,Desktop,11,0
313,3.08,Travel,AU,Mobile,12,0
314,394.49,Travel,UK,Mobile,9,0
315,216.93,Electronics,US,Mobile,6,0
316,142.88,Travel,DE,Mobile,13,0
317,63.1,Grocery,DE,Desktop,22,0
318,22.84,Dining,US,Desktop,0,0
319,20.41,Dining,US,Tablet,16,0
320,34.56,Gas,DE,Mobile,3,0
321,95.61,Online,UK,Desktop,20,0
322,150.46,Grocery,DE,Desktop,4,0
323,129.53,Travel,US,Desktop,19,0
324,39.41,Dining,AU,Mobile,23,0
325,371.77,Grocery,CA,Tablet,22,0
326,160.68,Dining,AU,Desktop,6,0
327,96.99,Travel,AU,Mobile,9,0
328,113.52,Dining,US,Desktop,16,0
329,65.28,Online,DE,Desktop,6,1
330,34.16,Online,UK,Tablet,0,0
331,52.8,Gas,AU,Desktop,6,0
332,170.18,Gas,DE,Desktop,23,0
333,1.74,Dining,UK,Mobile,10,0
334,14.81,Grocery,AU,Mobile,8,0
335,5.65,Online,UK,Tablet,11,0
336,4.99,Grocery,DE,Mobile,2,0
337,232.1,Grocery,CA,Mobile,3,0
338,145.95,Dining,DE,Tablet,3,0
339,77.13,Grocery,US,Desktop,12,0
340,12.35,Online,UK,Tablet,22,0
341,81.18,Travel,CA,Mobile,18,0
342,76.97,Gas,UK,Tablet,9,0
343,22.82,Travel,UK,Desktop,4,0
344,68.27,Grocery,AU,Tablet,6,0
345,61.0,Travel,US,Mobile,23,0
346,114.81,Online,UK,Mobile,15,0
347,120.97,Online,DE,Tablet,0,0
348,5.56,Grocery,DE,Desktop,11,0
349,56.33,Dining,AU,Tablet,1,1
350,117.97,Travel,US,Desktop,6,0
351,83.93,Dining,US,Desktop,10,0
352,232.96,Dining,DE,Tablet,12,0
353,129.0,Electronics,CA,Desktop,1,0
354,21.34,Grocery,AU,Mobile,6,0
355,8.78,Gas,AU,Tablet,14,0
356,123.41,Online,DE,Desktop,10,0
357,3.22,Online,DE,Mobile,1,0
358,105.76,Grocery,CA,Tablet,6,0
359,338.07,Gas,CA,Mobile,3,0
360,102.81,Online,US,Mobile,10,0
361,58.96,Grocery,AU,Mobile,1,0
362,123.7,Online,AU,Desktop,15,0
363,73.55,Dining,DE,Tablet,6,0
364,94.66,Travel,US,Tablet,12,0
365,340.58,Travel,AU,Desktop,4,0
366,58.55,Online,US,Tablet,16,0
367,389.89,Electronics,US,Mobile,20,0
368,282.91,Gas,DE,Tablet,11,0
369,26.15,Gas,US,Desktop,18,0
370,8.63,Gas,CA,Mobile,6,0
371,12.75,Dining,CA,Desktop,5,0
372,2.21,Gas,UK,Mobile,7,0
373,11.9,Travel,DE,Mobile,12,0
374,137.86,Dining,UK,Tablet,4,0
375,8.86,Grocery,CA,Mobile,1,0
376,46.1,Gas,UK,Desktop,8,0
377,223.62,Gas,DE,Tablet,10,0
378,2.83,Grocery,DE,Desktop,23,0
379,202.14,Gas,US,Mobile,5,0
380,39.73,Grocery,AU,Desktop,6,0
381,15.09,Dining,US,Desktop,6,0
382,143.18,Travel,DE,Mobile,18,0
383,118.97,Grocery,CA,Tablet,5,0
384,251.93,Electronics,CA,Desktop,10,0
385,159.4,Grocery,US,Mobile,10,0
386,195.24,Gas,DE,Tablet,6,0
387,39.76,Dining,CA,Tablet,1,0
388,23.44,Online,DE,Tablet,18,0
389,166.65,Dining,CA,Desktop,3,0
390,197.31,Online,DE,Desktop,5,0
391,558.84,Grocery,UK,Desktop,16,0
392,63.85,Travel,DE,Tablet,4,0
393,55.83,Electronics,DE,Desktop,6,0
394,179.75,Dining,US,Mobile,8,0
395,50.01,Gas,UK,Desktop,0,0
396,320.42,Online,AU,Desktop,0,0
397,234.58,Gas,US,Tablet,18,0
398,67.24,Travel,AU,Desktop,5,0
399,166.77,Online,CA,Mobile,17,0
400,168.56,Dining,AU,Tablet,9,0
401,13.06,Grocery,DE,Mobile,10,0
402,279.41,Gas,AU,Tablet,0,0
403,84.44,Travel,US,Tablet,0,0
404,210.16,Dining,US,Desktop,12,0
405,46.29,Dining,AU,Mobile,4,0
406,271.05,Dining,US,Tablet,19,0
407,59.16,Dining,US,Desktop,0,0
408,1.31,Online,AU,Tablet,19,0
409,282.95,Dining,UK,Tablet,2,0
410,11.49,Gas,UK,Tablet,17,0
411,46.16,Travel,CA,Tablet,8,0
412,359.64,Online,US,Tablet,13,0
413,360.95,Dining,AU,Tablet,16,0
414,102.24,Electronics,US,Desktop,22,0
415,119.91,Electronics,DE,Tablet,13,0
416,71.4,Travel,US,Mobile,3,0
417,41.64,Grocery,US,Desktop,4,0
418,47.82,Grocery,UK,Mobile,20,1
419,133.96,Online,AU,Tablet,16,1
420,167.5,Online,US,Mobile,21,0
421,188.18,Online,UK,Tablet,1,0
422,187.06,Grocery,CA,Tablet,22,0
423,11.48,Electronics,UK,Desktop,21,0
424,81.85,Grocery,UK,Desktop,4,0
425,7.11,Gas,UK,Tablet,3,0
426,95.7,Dining,US,Desktop,3,0
427,69.91,Online,US,Mobile,5,0
428,262.39,Electronics,CA,Desktop,19,0
429,51.86,Travel,DE,Desktop,20,0
430,14.94,Travel,DE,Mobile,12,0
431,18.52,Dining,DE,Desktop,21,1
432,172.01,Electronics,CA,Tablet,4,0
433,115.55,Grocery,DE,Mobile,22,0
434,12.79,Grocery,DE,Tablet,22,0
435,10.54,Gas,UK,Mobile,6,0
436,144.87,Gas,US,Tablet,19,0
437,9.07,Grocery,US,Tablet,0,0
438,207.02,Travel,UK,Desktop,13,0
439,147.0,Online,UK,Tablet,23,0
440,10.18,Travel,UK,Desktop,3,0
441,10.64,Gas,US,Mobile,16,1
442,517.86,Dining,DE,Tablet,20,0
443,56.26,Grocery,UK,Tablet,13,1
444,55.57,Gas,CA,Mobile,15,0
445,201.07,Gas,UK,Mobile,13,0
446,353.06,Online,AU,Tablet,15,0
447,512.25,Grocery,UK,Mobile,23,0
448,167.99,Online,US,Desktop,19,0
449,56.64,Grocery,UK,Mobile,7,0
450,10.46,Online,AU,Mobile,23,0
451,180.15,Travel,CA,Tablet,2,0
452,98.08,Dining,DE,Desktop,18,0
453,66.24,Dining,UK,Mobile,0,0
454,284.19,Grocery,AU,Desktop,1,0
455,14.15,Electronics,AU,Desktop,14,0
456,81.42,Gas,CA,Desktop,21,0
457,1.37,Gas,US,Tablet,9,0
458,75.88,Grocery,UK,Mobile,17,0
459,6.95,Online,AU,Tablet,21,0
460,15.18,Electronics,CA,Mobile,13,0
461,15.0,Travel,DE,Mobile,16,0
462,125.71,Online,AU,Tablet,12,0
463,164.47,Online,CA,Desktop,0,0
464,105.07,Grocery,US,Desktop,4,0
465,392.97,Grocery,US,Mobile,12,1
466,56.38,Gas,AU,Tablet,13,0
467,40.38,Grocery,AU,Desktop,23,0
468,243.54,Grocery,UK,Desktop,2,0
469,30.37,Grocery,CA,Mobile,14,0
470,396.34,Gas,AU,Mobile,18,0
471,1.47,Travel,UK,Tablet,16,0
472,420.3,Travel,UK,Mobile,2,1
473,5.29,Grocery,AU,Desktop,15,0
474,266.13,Gas,US,Desktop,13,0
475,90.02,Travel,CA,Desktop,11,0
476,594.82,Online,CA,Desktop,11,0
477,9.2,Travel,US,Tablet,10,0
478,96.85,Travel,AU,Tablet,16,0
479,418.03,Gas,CA,Mobile,7,0
480,88.85,Online,AU,Mobile,16,1
481,119.12,Gas,AU,Mobile,20,0
482,142.79,Grocery,UK,Tablet,22,0
483,72.74,Dining,US,Desktop,19,0
484,118.52,Travel,AU,Mobile,10,0
485,105.34,Dining,DE,Desktop,1,0
486,277.71,Gas,US,Mobile,9,0
487,5.58,Gas,CA,Mobile,9,0
488,39.58,Gas,UK,Mobile,10,0
489,360.48,Dining,CA,Mobile,5,0
490,265.16,Gas,CA,Mobile,3,0
491,72.98,Grocery,US,Desktop,23,1
492,116.15,Gas,CA,Mobile,11,0
493,38.98,Electronics,AU,Desktop,10,0
494,25.01,Dining,CA,Tablet,22,0
495,74.77,Electronics,UK,Mobile,22,0
496,52.31,Gas,UK,Desktop,12,0
497,105.15,Grocery,DE,Tablet,4,0
498,9.71,Travel,UK,Tablet,5,0
499,439.8,Online,CA,Tablet,0,0
500,514.06,Online,UK,Desktop,5,0
501,143.74,Gas,US,Mobile,17,0
502,92.17,Grocery,UK,Mobile,21,0
503,44.45,Dining,AU,Desktop,8,0
504,201.71,Electronics,US,Mobile,23,0
505,138.52,Electronics,DE,Desktop,14,0
506,21.3,Electronics,AU,Mobile,7,0
507,290.2,Dining,CA,Tablet,18,0
508,207.48,Online,CA,Mobile,23,0
509,359.01,Grocery,CA,Desktop,15,0
510,155.23,Dining,AU,Desktop,5,0
511,114.05,Electronics,AU,Tablet,5,1
512,65.0,Gas,AU,Desktop,21,0
513,323.88,Travel,US,Mobile,2,0
514,241.25,Dining,US,Mobile,9,0
515,5.55,Dining,CA,Tablet,0,0
516,3.21,Grocery,UK,Desktop,13,1
517,56.68,Grocery,CA,Tablet,3,0
518,199.64,Dining,DE,Mobile,11,0
519,523.71,Electronics,US,Tablet,5,0
520,19.56,Travel,AU,Desktop,10,0
521,108.21,Grocery,US,Tablet,11,0
522,57.54,Electronics,AU,Desktop,9,0
523,420.45,Gas,DE,Desktop,17,1
524,221.51,Grocery,DE,Mobile,6,0
525,218.66,Electronics,US,Mobile,6,0
526,75.89,Electronics,AU,Mobile,10,0
527,64.3,Travel,DE,Desktop,3,0
528,38.33,Travel,CA,Tablet,19,0
529,6.96,Gas,CA,Desktop,0,0
530,240.05,Electronics,AU,Mobile,12,0
531,201.13,Online,US,Mobile,17,0
532,980.69,Electronics,DE,Tablet,8,1
533,683.38,Travel,US,Mobile,23,0
534,97.28,Online,CA,Mobile,23,0
535,175.83,Grocery,DE,Mobile,8,0
536,347.54,Grocery,US,Tablet,22,0
537,227.37,Dining,UK,Desktop,8,0
538,34.1,Travel,AU,Mobile,9,0
539,71.86,Dining,AU,Tablet,1,1
540,16.6,Online,UK,Mobile,5,0
541,369.63,Travel,CA,Tablet,14,0
542,111.82,Gas,DE,Mobile,2,0
543,31.15,Electronics,AU,Tablet,10,0
544,133.66,Gas,UK,Mobile,5,0
545,115.52,Online,UK,Desktop,2,0
546,53.21,Travel,CA,Mobile,23,0
547,14.46,Online,CA,Tablet,10,0
548,133.61,Electronics,US,Mobile,14,0
549,88.15,Grocery,AU,Desktop,12,0
550,177.58,Grocery,US,Mobile,19,0
551,88.12,Online,UK,Tablet,9,0
552,229.41,Dining,DE,Tablet,5,0
553,96.33,Travel,DE,Desktop,14,0
554,98.77,Travel,CA,Tablet,17,0
555,251.13,Grocery,DE,Mobile,17,0
556,62.0,Gas,DE,Mobile,6,0
557,17.27,Electronics,DE,Mobile,14,0
558,3.5,Gas,UK,Tablet,17,0
559,168.85,Gas,DE,Mobile,17,0
560,116.21,Online,DE,Mobile,19,0
561,146.12,Grocery,DE,Mobile,8,0
562,28.74,Grocery,US,Desktop,23,1
563,17.59,Grocery,UK,Tablet,1,0
564,1.76,Online,CA,Tablet,7,0
565,51.8,Dining,US,Tablet,19,0
566,106.97,Gas,AU,Desktop,1,0
567,59.76,Online,UK,Tablet,10,0
568,69.04,Travel,UK,Desktop,6,0
569,281.41,Electronics,AU,Desktop,5,0
570,51.37,Dining,AU,Tablet,9,0
571,86.58,Travel,AU,Mobile,4,0
572,183.7,Gas,CA,Mobile,10,0
573,60.61,Grocery,DE,Tablet,0,0
574,116.77,Gas,UK,Tablet,1,0
575,237.98,Online,DE,Desktop,23,0
576,358.34,Electronics,DE,Tablet,0,0
577,19.09,Online,AU,Desktop,18,0
578,313.4,Dining,CA,Tablet,1,0
579,81.3,Dining,US,Mobile,20,0
580,35.85,Electronics,CA,Mobile,19,0
581,73.75,Travel,DE,Tablet,22,0
582,469.64,Travel,CA,Desktop,20,0
583,81.42,Dining,AU,Mobile,23,0
584,47.83,Dining,US,Desktop,3,0
585,120.42,Grocery,AU,Tablet,11,0
586,32.96,Travel,US,Tablet,21,0
587,9.47,Electronics,DE,Mobile,19,0
588,16.56,Travel,US,Tablet,17,0
589,16.44,Grocery,US,Mobile,0,0
590,19.77,Online,US,Desktop,0,0
591,17.94,Dining,CA,Mobile,23,0
592,122.89,Dining,CA,Mobile,13,0
593,24.09,Grocery,DE,Desktop,3,0
594,50.9,Electronics,US,Mobile,4,0
595,272.52,Dining,UK,Mobile,10,0
596,77.09,Gas,DE,Tablet,23,0
597,132.15,Dining,US,Desktop,22,0
598,22.7,Gas,US,Mobile,12,0
599,25.63,Grocery,CA,Desktop,15,0
600,5.01,Grocery,DE,Desktop,23,0
601,22.21,Dining,US,Mobile,12,0
602,39.19,Travel,US,Tablet,23,0
603,23.38,Gas,DE,Desktop,21,0
604,11.15,Electronics,UK,Mobile,1,0
605,15.43,Dining,DE,Desktop,15,0
606,74.12,Electronics,DE,Tablet,5,0
607,27.73,Dining,UK,Tablet,13,0
608,54.36,Travel,DE,Tablet,0,0
609,84.0,Travel,US,Mobile,16,0
610,140.69,Travel,DE,Mobile,10,0
611,4.81,Online,UK,Tablet,18,0
612,192.78,Travel,AU,Mobile,2,0
613,118.63,Grocery,DE,Tablet,10,0
614,10.24,Grocery,CA,Mobile,4,0
615,248.18,Online,US,Tablet,16,0
616,304.4,Gas,US,Desktop,21,0
617,7.56,Electronics,CA,Tablet,6,0
618,38.9,Dining,CA,Tablet,9,0
619,196.91,Dining,DE,Mobile,10,0
620,165.52,Online,CA,Mobile,2,0
621,24.48,Grocery,AU,Mobile,19,0
622,28.19,Dining,UK,Mobile,9,0
623,55.53,Grocery,CA,Mobile,9,0
624,79.52,Gas,CA,Mobile,13,0
625,115.56,Electronics,AU,Desktop,11,0
626,55.24,Gas,US,Tablet,14,0
627,74.51,Online,US,Tablet,9,0
628,165.15,Travel,DE,Tablet,9,0
629,4.48,Travel,AU,Desktop,18,0
630,34.91,Travel,UK,Tablet,0,1
631,149.94,Gas,UK,Desktop,23,0
632,270.69,Dining,AU,Desktop,9,0
633,86.01,Electronics,UK,Desktop,1,0
634,91.14,Travel,US,Tablet,16,0
635,13.6,Online,UK,Desktop,23,0
636,71.18,Online,UK,Tablet,6,1
637,91.27,Travel,AU,Tablet,6,0
638,33.32,Travel,AU,Mobile,19,0
639,37.64,Electronics,UK,Mobile,8,0
640,56.84,Travel,CA,Desktop,21,0
641,2.43,Electronics,AU,Desktop,1,0
642,46.65,Online,DE,Tablet,13,0
643,28.51,Travel,DE,Desktop,16,0
644,47.61,Gas,US,Desktop,0,0
645,15.31,Gas,UK,Tablet,8,0
646,265.45,Online,CA,Desktop,19,0
647,108.05,Electronics,US,Desktop,20,0
648,136.4,Gas,UK,Tablet,18,0
649,186.81,Electronics,AU,Tablet,3,0
650,82.8,Gas,DE,Mobile,7,0
651,10.91,Gas,CA,Tablet,12,0
652,92.43,Electronics,DE,Mobile,3,0
653,106.07,Dining,AU,Desktop,8,0
654,164.19,Gas,UK,Tablet,8,0
655,67.8,Travel,AU,Tablet,21,0
656,16.38,Online,AU,Tablet,17,0
657,40.05,Dining,DE,Desktop,11,0
658,54.13,Electronics,CA,Mobile,9,0
659,124.59,Dining,AU,Desktop,10,0
660,101.49,Grocery,DE,Desktop,6,1
661,52.82,Grocery,CA,Tablet,8,0
662,516.74,Gas,UK,Mobile,5,0
663,111.7,Gas,UK,Desktop,18,0
664,32.5,Travel,US,Tablet,15,0
665,12.88,Online,DE,Desktop,14,0
666,19.91,Dining,CA,Desktop,6,0
667,33.88,Grocery,AU,Tablet,15,0
668,21.02,Gas,UK,Tablet,4,0
669,24.78,Online,CA,Mobile,15,1
670,40.27,Dining,DE,Desktop,0,0
671,22.85,Gas,US,Tablet,18,0
672,272.49,Gas,UK,Tablet,4,0
673,10.04,Grocery,CA,Mobile,6,0
674,89.21,Grocery,CA,Mobile,18,0
675,63.4,Gas,CA,Tablet,21,0
676,484.64,Electronics,DE,Mobile,4,0
677,14.26,Gas,DE,Tablet,16,0
678,60.87,Online,DE,Desktop,21,0
679,418.69,Gas,AU,Mobile,7,0
680,240.75,Travel,CA,Desktop,0,0
681,203.84,Travel,UK,Desktop,1,0
682,35.79,Travel,DE,Desktop,14,0
683,22.49,Electronics,DE,Tablet,19,0
684,132.55,Electronics,CA,Desktop,17,0
685,318.05,Gas,DE,Desktop,10,0
686,97.64,Travel,AU,Desktop,9,0
687,101.73,Electronics,AU,Tablet,23,0
688,39.42,Grocery,DE,Desktop,23,0
689,176.1,Gas,CA,Desktop,3,0
690,24.85,Online,CA,Mobile,4,0
691,46.93,Dining,CA,Tablet,3,0
692,66.5,Gas,US,Desktop,12,0
693,85.02,Dining,DE,Mobile,12,0
694,33.31,Travel,CA,Tablet,17,0
695,14.64,Dining,AU,Tablet,23,0
696,113.18,Travel,UK,Tablet,1,0
697,40.87,Grocery,UK,Tablet,15,0
698,104.45,Dining,CA,Tablet,0,0
699,20.12,Gas,UK,Tablet,18,0
700,78.73,Travel,UK,Desktop,8,0
701,91.27,Gas,US,Desktop,2,0
702,6.39,Electronics,AU,Desktop,6,0
703,49.25,Travel,AU,Desktop,9,0
704,17.32,Dining,US,Mobile,0,0
705,7.86,Travel,US,Desktop,9,0
706,552.14,Gas,UK,Tablet,20,0
707,46.7,Grocery,DE,Desktop,8,0
708,199.21,Travel,UK,Desktop,14,0
709,35.27,Dining,US,Tablet,14,0
710,137.3,Electronics,AU,Desktop,2,0
711,171.37,Online,UK,Desktop,4,0
712,108.65,Grocery,DE,Desktop,8,0
713,76.54,Electronics,UK,Mobile,21,0
714,63.69,Travel,CA,Desktop,8,0
715,51.49,Gas,UK,Tablet,22,1
716,318.31,Gas,US,Tablet,6,0
717,213.07,Dining,AU,Desktop,23,0
718,402.38,Gas,AU,Desktop,22,0
719,15.93,Grocery,US,Desktop,11,0
720,157.51,Gas,CA,Tablet,8,0
721,334.34,Dining,US,Tablet,5,0
722,23.99,Online,UK,Mobile,22,0
723,8.26,Travel,US,Mobile,1,1
724,162.17,Travel,US,Mobile,8,0
725,102.53,Gas,CA,Tablet,16,0
726,221.29,Electronics,UK,Mobile,0,0
727,18.07,Travel,DE,Desktop,18,0
728,190.33,Online,DE,Desktop,5,0
729,27.02,Gas,AU,Tablet,4,0
730,21.45,Dining,US,Mobile,1,0
731,21.53,Online,AU,Desktop,8,0
732,202.21,Gas,CA,Tablet,13,0
733,131.31,Online,DE,Mobile,3,0
734,88.85,Travel,US,Desktop,3,0
735,53.34,Dining,CA,Mobile,20,0
736,251.66,Gas,CA,Tablet,14,0
737,59.8,Grocery,US,Mobile,7,0
738,203.53,Dining,CA,Tablet,3,0
739,69.39,Grocery,US,Mobile,15,0
740,56.77,Online,US,Desktop,20,0
741,74.54,Electronics,UK,Tablet,3,0
742,43.04,Dining,AU,Tablet,15,0
743,165.21,Online,CA,Tablet,21,0
744,83.83,Grocery,CA,Mobile,11,0
745,31.71,Travel,UK,Mobile,15,0
746,275.8,Travel,UK,Desktop,18,0
747,58.12,Electronics,UK,Tablet,7,0
748,94.11,Dining,DE,Tablet,5,0
749,284.34,Dining,DE,Mobile,9,0
750,117.46,Dining,DE,Mobile,4,0
751,14.92,Online,US,Desktop,17,0
752,337.27,Electronics,CA,Desktop,9,0
753,118.57,Dining,AU,Mobile,9,0
754,48.94,Online,US,Tablet,6,0
755,18.0,Travel,CA,Desktop,17,0
756,189.6,Grocery,CA,Mobile,0,0
757,116.13,Online,UK,Mobile,6,0
758,91.49,Travel,UK,Tablet,20,0
759,269.2,Travel,US,Mobile,0,0
760,186.48,Grocery,UK,Mobile,14,0
761,19.74,Travel,CA,Desktop,3,0
762,44.83,Electronics,UK,Mobile,19,0
763,34.28,Grocery,DE,Mobile,9,0
764,163.48,Travel,UK,Desktop,22,0
765,4.09,Gas,CA,Tablet,8,1
766,101.25,Online,US,Tablet,1,0
767,172.49,Travel,AU,Desktop,13,0
768,251.24,Electronics,UK,Desktop,15,0
769,50.24,Dining,CA,Tablet,0,0
770,206.62,Travel,AU,Tablet,1,0
771,14.07,Dining,AU,Tablet,6,1
772,224.85,Gas,DE,Tablet,9,0
773,16.37,Travel,AU,Tablet,21,0
774,60.76,Grocery,CA,Desktop,19,0
775,191.52,Dining,CA,Mobile,0,0
776,19.49,Gas,UK,Tablet,12,0
777,31.25,Grocery,UK,Tablet,0,0
778,153.73,Grocery,UK,Mobile,4,1
779,152.77,Grocery,AU,Mobile,15,0
780,122.98,Grocery,AU,Mobile,14,0
781,142.08,Travel,DE,Mobile,16,0
782,93.9,Online,UK,Mobile,22,0
783,34.81,Travel,US,Mobile,15,0
784,50.9,Travel,DE,Desktop,12,0
785,24.05,Gas,US,Mobile,10,0
786,286.91,Gas,AU,Mobile,16,0
787,105.07,Online,DE,Desktop,16,0
788,61.47,Gas,DE,Mobile,1,0
789,74.39,Electronics,CA,Tablet,12,0
790,353.14,Online,AU,Tablet,13,1
791,19.98,Gas,AU,Mobile,10,0
792,105.89,Online,DE,Desktop,9,0
793,84.6,Travel,AU,Tablet,2,0
794,113.44,Travel,DE,Desktop,16,0
795,2.19,Online,CA,Tablet,14,0
796,246.8,Electronics,DE,Mobile,8,0
797,322.8,Electronics,AU,Desktop,9,0
798,99.93,Online,AU,Desktop,7,0
799,143.14,Gas,DE,Desktop,20,0
800,306.9,Dining,DE,Tablet,12,0
801,147.41,Electronics,DE,Tablet,17,0
802,19.86,Grocery,UK,Tablet,4,0
803,103.04,Travel,AU,Mobile,5,0
804,111.99,Online,AU,Tablet,16,0
805,66.22,Grocery,UK,Mobile,10,0
806,160.02,Online,DE,Desktop,19,1
807,326.84,Travel,CA,Desktop,15,0
808,311.75,Travel,DE,Mobile,8,0
809,71.92,Electronics,DE,Tablet,1,0
810,14.42,Electronics,UK,Mobile,4,0
811,502.7,Grocery,AU,Desktop,0,0
812,219.09,Online,DE,Desktop,3,0
813,15.98,Travel,AU,Mobile,3,1
814,304.36,Grocery,US,Tablet,21,0
815,244.73,Dining,AU,Tablet,2,0
816,87.79,Grocery,CA,Mobile,8,0
817,107.37,Gas,CA,Mobile,21,0
818,61.1,Grocery,DE,Tablet,22,0
819,6.76,Gas,AU,Desktop,11,0
820,48.99,Gas,DE,Mobile,9,0
821,194.86,Gas,UK,Tablet,1,0
822,0.56,Dining,CA,Tablet,10,0
823,48.69,Grocery,DE,Desktop,9,0
824,60.93,Grocery,UK,Desktop,21,0
825,92.51,Dining,DE,Desktop,5,0
826,302.87,Travel,AU,Desktop,17,0
827,51.02,Electronics,AU,Desktop,1,0
828,51.13,Grocery,AU,Mobile,1,0
829,160.5,Electronics,AU,Tablet,9,0
830,72.23,Online,US,Mobile,15,0
831,30.53,Online,UK,Mobile,11,0
832,72.27,Dining,UK,Mobile,0,0
833,18.22,Online,AU,Mobile,20,1
834,23.29,Online,US,Mobile,7,0
835,82.79,Travel,AU,Desktop,15,0
836,65.15,Travel,US,Desktop,17,0
837,295.6,Travel,AU,Tablet,12,1
838,54.0,Online,CA,Mobile,14,0
839,104.27,Dining,CA,Tablet,20,1
840,120.05,Gas,DE,Desktop,11,0
841,1.58,Gas,AU,Desktop,7,0
842,130.71,Electronics,UK,Desktop,9,0
843,23.53,Gas,DE,Mobile,13,1
844,389.52,Gas,CA,Mobile,4,0
845,19.31,Travel,AU,Desktop,17,0
846,64.26,Travel,DE,Tablet,18,0
847,10.71,Online,AU,Tablet,14,0
848,692.17,Electronics,CA,Desktop,5,0
849,83.71,Grocery,DE,Tablet,10,0
850,108.58,Electronics,CA,Desktop,20,0
851,8.33,Electronics,US,Tablet,10,0
852,166.34,Dining,CA,Desktop,19,0
853,28.27,Online,AU,Tablet,19,0
854,274.0,Dining,UK,Mobile,20,0
855,27.55,Electronics,CA,Desktop,17,0
856,25.39,Electronics,UK,Desktop,17,0
857,4.47,Electronics,US,Tablet,9,0
858,76.65,Gas,DE,Desktop,1,1
859,99.85,Dining,DE,Desktop,8,0
860,8.16,Electronics,UK,Desktop,13,0
861,179.28,Travel,DE,Mobile,18,0
862,72.46,Online,CA,Mobile,9,0
863,89.18,Online,UK,Tablet,22,0
864,69.74,Travel,AU,Mobile,3,0
865,61.45,Online,CA,Tablet,5,0
866,98.42,Gas,CA,Mobile,13,0
867,20.24,Gas,CA,Tablet,3,0
868,24.1,Grocery,AU,Mobile,14,0
869,237.47,Grocery,US,Mobile,15,0
870,350.51,Grocery,DE,Tablet,6,0
871,56.08,Online,UK,Desktop,16,0
872,37.89,Gas,US,Desktop,18,0
873,123.94,Gas,UK,Mobile,18,0
874,63.06,Gas,DE,Tablet,16,1
875,3.09,Travel,AU,Desktop,5,1
876,20.37,Gas,CA,Tablet,10,0
877,151.04,Travel,CA,Desktop,15,0
878,129.08,Grocery,AU,Tablet,7,0
879,3.3,Grocery,US,Mobile,10,0
880,30.12,Online,US,Tablet,6,0
881,31.53,Grocery,UK,Desktop,23,0
882,133.73,Online,AU,Mobile,21,1
883,2.39,Electronics,US,Tablet,18,0
884,13.19,Electronics,AU,Desktop,9,0
885,193.08,Dining,DE,Mobile,8,0
886,23.6,Online,CA,Tablet,3,0
887,126.92,Dining,CA,Desktop,22,0
888,32.65,Dining,CA,Tablet,14,0
889,12.57,Electronics,AU,Tablet,12,0
890,33.43,Online,AU,Mobile,1,0
891,153.73,Electronics,UK,Mobile,1,0
892,232.3,Dining,CA,Desktop,15,0
893,212.79,Online,UK,Mobile,8,0
894,60.74,Dining,CA,Desktop,12,0
895,132.35,Gas,UK,Tablet,2,1
896,27.53,Online,UK,Tablet,8,0
897,41.63,Online,DE,Desktop,12,0
898,271.99,Dining,UK,Tablet,20,0
899,1.57,Gas,AU,Mobile,21,0
900,10.73,Travel,UK,Tablet,1,0
901,27.97,Electronics,CA,Mobile,7,0
902,3.23,Dining,UK,Desktop,8,0
903,24.02,Online,US,Desktop,15,0
904,104.97,Electronics,CA,Tablet,1,0
905,65.66,Electronics,US,Tablet,5,0
906,267.82,Electronics,CA,Mobile,21,0
907,204.08,Travel,AU,Mobile,7,0
908,50.19,Grocery,AU,Tablet,4,0
909,36.04,Dining,AU,Tablet,8,0
910,57.3,Grocery,US,Desktop,0,0
911,107.08,Grocery,DE,Desktop,8,0
912,37.45,Grocery,CA,Desktop,9,0
913,117.43,Electronics,AU,Tablet,22,0
914,63.2,Gas,CA,Tablet,3,0
915,96.37,Electronics,US,Tablet,2,0
916,68.75,Electronics,DE,Desktop,9,0
917,41.86,Online,US,Tablet,14,0
918,355.83,Online,CA,Mobile,10,0
919,173.07,Grocery,DE,Tablet,13,0
920,18.11,Electronics,DE,Tablet,5,0
921,243.42,Grocery,US,Tablet,11,0
922,80.2,Online,AU,Tablet,12,0
923,269.94,Gas,CA,Tablet,16,0
924,193.05,Dining,UK,Mobile,15,0
925,66.45,Grocery,UK,Mobile,2,0
926,2.73,Gas,US,Tablet,1,0
927,37.55,Dining,CA,Desktop,10,0
928,93.61,Travel,CA,Tablet,8,0
929,120.44,Grocery,US,Tablet,2,0
930,35.79,Grocery,CA,Tablet,17,0
931,18.01,Travel,AU,Desktop,19,0
932,216.17,Travel,US,Desktop,14,0
933,499.27,Grocery,AU,Desktop,13,0
934,89.51,Travel,CA,Mobile,1,0
935,22.6,Electronics,US,Desktop,16,0
936,38.15,Dining,CA,Mobile,21,0
937,2.23,Dining,US,Mobile,7,0
938,294.83,Dining,CA,Desktop,9,0
939,15.03,Electronics,AU,Desktop,17,0
940,103.11,Travel,AU,Desktop,18,0
941,38.43,Gas,CA,Mobile,7,0
942,96.94,Travel,US,Tablet,7,0
943,126.47,Grocery,UK,Desktop,2,0
944,212.45,Online,AU,Desktop,2,0
945,27.74,Dining,AU,Desktop,11,0
946,1.33,Travel,UK,Mobile,21,0
947,17.66,Gas,CA,Mobile,16,0
948,276.33,Grocery,US,Tablet,3,0
949,248.47,Electronics,CA,Desktop,16,0
950,109.18,Electronics,DE,Mobile,13,0
951,110.11,Gas,AU,Tablet,18,0
952,131.25,Grocery,DE,Desktop,8,0
953,23.14,Dining,AU,Mobile,20,0
954,294.99,Travel,AU,Desktop,11,0
955,65.11,Grocery,DE,Desktop,4,0
956,57.97,Electronics,DE,Mobile,10,0
957,87.81,Gas,CA,Mobile,19,0
958,5.77,Gas,DE,Mobile,2,0
959,21.82,Travel,CA,Desktop,20,0
960,160.74,Gas,CA,Desktop,14,0
961,10.37,Gas,CA,Tablet,13,0
962,110.9,Grocery,AU,Desktop,10,0
963,33.78,Dining,AU,Mobile,19,0
964,59.18,Travel,DE,Desktop,7,0
965,40.88,Grocery,AU,Tablet,3,0
966,52.75,Dining,DE,Tablet,11,0
967,152.35,Grocery,AU,Mobile,7,0
968,42.31,Online,US,Mobile,5,0
969,100.28,Grocery,US,Tablet,14,0
970,77.56,Gas,DE,Tablet,11,0
971,130.76,Dining,AU,Tablet,15,0
972,331.43,Travel,AU,Mobile,15,0
973,158.27,Travel,CA,Tablet,20,0
974,29.04,Dining,UK,Tablet,19,0
975,3.8,Gas,DE,Mobile,19,0
976,36.5,Electronics,UK,Desktop,3,0
977,108.49,Grocery,UK,Desktop,10,0
978,6.34,Gas,DE,Tablet,12,0
979,82.31,Online,AU,Desktop,8,0
980,109.01,Dining,DE,Desktop,3,0
981,48.82,Grocery,UK,Desktop,11,0
982,176.84,Travel,AU,Desktop,8,0
983,13.53,Electronics,US,Tablet,12,0
984,9.37,Online,DE,Desktop,15,0
985,156.32,Travel,DE,Desktop,5,0
986,82.1,Dining,AU,Mobile,9,0
987,139.93,Grocery,US,Tablet,12,0
988,68.47,Dining,US,Mobile,6,0
989,33.95,Grocery,AU,Mobile,18,0
990,205.18,Gas,CA,Tablet,23,0
991,192.78,Electronics,DE,Desktop,18,1
992,142.37,Gas,DE,Mobile,16,0
993,38.12,Gas,UK,Tablet,12,0
994,107.06,Dining,AU,Desktop,12,1
995,53.74,Electronics,UK,Tablet,20,1
996,11.53,Grocery,UK,Mobile,1,0
997,299.12,Grocery,US,Desktop,9,0
998,17.66,Online,DE,Desktop,21,0
999,360.06,Travel,UK,Tablet,12,1
1000,70.87,Online,US,Desktop,8,0
1001,24.57,Online,AU,Mobile,0,0
1002,93.68,Grocery,UK,Mobile,13,0
1003,247.58,Dining,DE,Mobile,15,0
1004,158.11,Gas,UK,Tablet,19,0
1005,197.14,Gas,AU,Desktop,14,0
1006,129.03,Gas,UK,Desktop,0,0
1007,141.43,Electronics,DE,Desktop,16,0
1008,227.01,Grocery,US,Mobile,23,0
1009,34.47,Dining,DE,Desktop,12,0
1010,80.67,Electronics,US,Mobile,14,0
1011,30.0,Travel,CA,Desktop,15,0
1012,527.47,Dining,DE,Mobile,15,0
1013,346.02,Online,DE,Desktop,1,0
1014,4.83,Dining,AU,Tablet,16,0
1015,146.73,Dining,UK,Tablet,10,0
1016,311.23,Gas,US,Mobile,7,0
1017,23.9,Dining,US,Mobile,19,0
1018,100.7,Online,AU,Desktop,2,0
1019,296.5,Online,AU,Desktop,11,0
1020,4.14,Grocery,UK,Tablet,19,0
1021,143.45,Dining,UK,Desktop,15,0
1022,42.35,Gas,DE,Mobile,13,0
1023,309.87,Dining,CA,Mobile,15,0
1024,425.1,Travel,UK,Mobile,20,0
1025,346.46,Travel,AU,Mobile,16,0
1026,77.14,Gas,UK,Mobile,10,0
1027,237.7,Grocery,US,Tablet,16,0
1028,223.37,Grocery,CA,Tablet,18,0
1029,46.12,Online,DE,Mobile,21,0
1030,211.87,Online,US,Desktop,0,0
1031,4.53,Electronics,US,Mobile,11,0
1032,108.84,Gas,CA,Tablet,14,0
1033,31.37,Dining,DE,Mobile,17,0
1034,15.42,Gas,AU,Tablet,22,0
1035,9.61,Electronics,DE,Tablet,13,0
1036,143.0,Online,UK,Mobile,0,0
1037,49.84,Gas,US,Mobile,12,0
1038,154.82,Gas,UK,Desktop,14,0
1039,8.11,Online,AU,Tablet,6,0
1040,45.45,Electronics,UK,Desktop,14,0
1041,93.05,Online,DE,Mobile,19,0
1042,187.69,Grocery,UK,Tablet,9,0
1043,46.06,Dining,AU,Desktop,13,0
1044,117.99,Online,AU,Desktop,5,0
1045,260.56,Electronics,AU,Desktop,13,0
1046,114.81,Travel,DE,Mobile,23,0
1047,31.83,Grocery,AU,Mobile,21,0
1048,2.96,Travel,US,Mobile,11,0
1049,244.92,Online,AU,Tablet,10,1
1050,2.58,Grocery,UK,Mobile,19,0
1051,249.25,Dining,UK,Tablet,21,0
1052,90.33,Online,UK,Desktop,23,0
1053,335.76,Dining,DE,Desktop,18,0
1054,192.4,Gas,UK,Mobile,1,0
1055,741.86,Travel,DE,Desktop,21,0
1056,51.83,Grocery,DE,Mobile,19,0
1057,174.9,Dining,AU,Tablet,0,0
1058,61.69,Electronics,US,Desktop,7,0
1059,78.44,Dining,AU,Mobile,13,0
1060,118.5,Electronics,AU,Desktop,8,0
1061,248.27,Online,DE,Desktop,1,0
1062,496.85,Grocery,DE,Mobile,22,0
1063,175.46,Dining,UK,Desktop,4,0
1064,64.91,Dining,UK,Desktop,22,0
1065,65.65,Grocery,AU,Desktop,7,0
1066,160.54,Dining,CA,Desktop,15,0
1067,32.74,Electronics,CA,Tablet,21,0
1068,14.05,Dining,UK,Desktop,15,0
1069,52.55,Travel,CA,Desktop,12,0
1070,40.63,Online,UK,Mobile,19,0
1071,42.17,Gas,DE,Tablet,14,0
1072,31.93,Electronics,AU,Mobile,0,0
1073,5.16,Travel,US,Mobile,21,0
1074,2.16,Online,AU,Mobile,2,0
1075,528.0,Grocery,UK,Tablet,5,1
1076,66.99,Electronics,UK,Mobile,21,0
1077,58.2,Gas,AU,Mobile,13,0
1078,136.6,Online,UK,Mobile,3,0
1079,29.55,Gas,CA,Desktop,17,0
1080,359.39,Grocery,CA,Mobile,14,0
1081,185.21,Grocery,UK,Tablet,8,0
1082,11.24,Electronics,UK,Tablet,17,0
1083,64.87,Dining,CA,Desktop,2,0
1084,253.55,Grocery,UK,Tablet,9,0
1085,347.47,Online,UK,Tablet,16,0
1086,75.6,Dining,AU,Desktop,6,0
1087,114.05,Travel,US,Mobile,14,0
1088,21.93,Gas,CA,Desktop,0,0
1089,567.53,Dining,AU,Mobile,10,0
1090,31.62,Gas,US,Mobile,16,0
1091,343.2,Dining,UK,Tablet,4,0
1092,125.86,Travel,UK,Desktop,6,0
1093,112.3,Grocery,AU,Tablet,18,0
1094,86.26,Travel,UK,Tablet,23,0
1095,31.47,Grocery,DE,Mobile,14,0
1096,23.31,Grocery,AU,Tablet,2,0
1097,29.89,Gas,US,Desktop,14,0
1098,24.76,Online,AU,Tablet,4,0
1099,181.47,Travel,CA,Tablet,22,0
1100,51.72,Dining,AU,Mobile,11,0
1101,7.15,Travel,UK,Desktop,19,0
1102,417.25,Gas,UK,Tablet,4,0
1103,258.28,Grocery,DE,Mobile,2,0
1104,315.32,Gas,DE,Tablet,8,0
1105,633.61,Electronics,DE,Desktop,8,0
1106,22.92,Electronics,US,Tablet,6,0
1107,60.55,Dining,DE,Tablet,1,0
1108,170.38,Gas,US,Mobile,22,0
1109,142.9,Dining,DE,Tablet,22,0
1110,20.05,Dining,US,Mobile,20,0
1111,203.03,Electronics,AU,Desktop,15,0
1112,30.5,Dining,AU,Tablet,8,0
1113,30.4,Electronics,UK,Desktop,12,0
1114,92.4,Grocery,US,Desktop,18,1
1115,107.86,Gas,CA,Tablet,19,0
1116,104.12,Dining,UK,Mobile,16,0
1117,11.51,Electronics,AU,Desktop,5,0
1118,251.92,Travel,US,Desktop,3,0
1119,37.04,Dining,DE,Tablet,0,0
1120,16.64,Online,CA,Tablet,17,0
1121,263.51,Grocery,AU,Tablet,18,0
1122,373.88,Grocery,UK,Tablet,8,0
1123,237.77,Travel,US,Tablet,12,0
1124,198.98,Electronics,CA,Tablet,7,0
1125,127.79,Dining,US,Mobile,22,0
1126,96.05,Electronics,DE,Desktop,12,0
1127,10.92,Grocery,UK,Mobile,14,0
1128,63.0,Electronics,US,Mobile,10,0
1129,55.96,Grocery,AU,Tablet,11,0
1130,36.09,Electronics,UK,Desktop,13,0
1131,154.23,Travel,AU,Mobile,3,0
1132,82.19,Gas,US,Tablet,0,0
1133,10.14,Travel,UK,Tablet,23,1
1134,29.84,Travel,AU,Desktop,3,0
1135,137.96,Gas,DE,Mobile,18,0
1136,9.5,Gas,DE,Mobile,8,0
1137,228.62,Dining,US,Mobile,9,0
1138,82.02,Dining,UK,Tablet,3,0
1139,78.61,Travel,CA,Desktop,19,0
1140,107.7,Travel,UK,Desktop,8,0
1141,208.94,Grocery,DE,Mobile,12,0
1142,51.29,Grocery,AU,Tablet,11,0
1143,135.99,Dining,CA,Mobile,10,0
1144,100.09,Online,US,Desktop,11,0
1145,37.28,Online,CA,Tablet,17,0
1146,253.07,Dining,US,Mobile,11,0
1147,191.6,Grocery,CA,Mobile,15,0
1148,128.91,Grocery,US,Tablet,4,0
1149,228.12,Online,US,Desktop,19,0
1150,242.35,Electronics,CA,Tablet,11,0
1151,147.87,Electronics,CA,Mobile,20,0
1152,217.69,Grocery,US,Mobile,10,0
1153,143.47,Electronics,DE,Mobile,8,1
1154,136.78,Gas,CA,Mobile,17,0
1155,115.67,Dining,UK,Desktop,2,1
1156,167.67,Dining,AU,Desktop,19,0
1157,20.72,Grocery,US,Mobile,16,0
1158,255.31,Travel,US,Desktop,13,0
1159,246.54,Online,AU,Desktop,0,0
1160,3.56,Grocery,DE,Desktop,16,0
1161,209.72,Electronics,AU,Mobile,7,0
1162,16.56,Online,CA,Tablet,4,0
1163,48.98,Travel,AU,Tablet,4,0
1164,163.28,Electronics,US,Tablet,8,0
1165,21.03,Gas,AU,Mobile,2,0
1166,204.43,Electronics,UK,Desktop,18,0
1167,214.15,Gas,CA,Desktop,22,0
1168,84.98,Online,AU,Mobile,8,0
1169,0.77,Gas,US,Mobile,21,0
1170,40.6,Online,CA,Tablet,17,0
1171,115.14,Online,US,Tablet,15,0
1172,476.78,Online,DE,Mobile,0,0
1173,119.9,Online,UK,Tablet,1,0
1174,36.1,Online,DE,Desktop,13,0
1175,120.62,Electronics,UK,Mobile,13,0
1176,93.18,Online,AU,Mobile,0,0
1177,181.61,Electronics,CA,Desktop,15,0
1178,13.58,Online,AU,Desktop,14,0
1179,171.77,Gas,UK,Desktop,14,0
1180,93.51,Online,UK,Tablet,11,0
1181,395.59,Travel,UK,Mobile,15,0
1182,50.2,Online,US,Tablet,13,1
1183,120.16,Online,CA,Desktop,23,0
1184,322.64,Gas,AU,Tablet,14,0
1185,12.98,Dining,AU,Desktop,22,0
1186,332.19,Gas,DE,Tablet,14,0
1187,139.73,Travel,UK,Tablet,18,0
1188,8.43,Dining,UK,Desktop,7,0
1189,42.97,Grocery,UK,Tablet,1,0
1190,147.79,Grocery,AU,Mobile,1,0
1191,8.37,Travel,DE,Tablet,9,0
1192,104.72,Gas,US,Tablet,2,0
1193,50.94,Electronics,CA,Mobile,22,0
1194,116.4,Travel,US,Desktop,16,0
1195,5.62,Dining,AU,Mobile,7,0
1196,246.25,Dining,UK,Tablet,22,0
1197,435.62,Online,CA,Desktop,3,0
1198,416.38,Grocery,AU,Tablet,13,0
1199,166.19,Dining,AU,Tablet,20,0
1200,16.72,Travel,AU,Mobile,9,1
1201,170.39,Dining,CA,Mobile,0,0
1202,2.99,Travel,CA,Desktop,3,0
1203,2.68,Electronics,DE,Desktop,0,0
1204,46.92,Online,DE,Desktop,16,0
1205,80.48,Grocery,US,Tablet,16,0
1206,176.57,Dining,CA,Mobile,6,0
1207,137.97,Travel,CA,Mobile,22,0
1208,70.85,Gas,CA,Mobile,19,0
1209,38.36,Grocery,DE,Desktop,14,0
1210,702.18,Electronics,AU,Mobile,12,0
1211,66.65,Travel,UK,Mobile,1,0
1212,72.04,Online,DE,Mobile,18,0
1213,21.44,Online,CA,Desktop,23,1
1214,190.06,Electronics,DE,Mobile,12,0
1215,141.98,Electronics,US,Desktop,23,0
1216,29.93,Online,CA,Mobile,10,0
1217,10.32,Dining,US,Mobile,21,0
1218,136.92,Dining,CA,Mobile,14,0
1219,127.54,Travel,DE,Desktop,9,0
1220,38.3,Gas,AU,Desktop,8,0
1221,361.58,Travel,UK,Mobile,8,0
1222,19.65,Gas,US,Tablet,19,0
1223,67.95,Electronics,DE,Desktop,0,0
1224,345.07,Grocery,AU,Desktop,16,0
1225,65.31,Travel,DE,Mobile,11,0
1226,122.11,Travel,US,Tablet,9,0
1227,60.82,Gas,UK,Mobile,4,0
1228,38.46,Electronics,DE,Desktop,17,0
1229,496.05,Electronics,CA,Desktop,14,0
1230,63.18,Gas,AU,Mobile,5,0
1231,269.43,Electronics,DE,Mobile,6,0
1232,31.36,Online,AU,Tablet,16,0
1233,28.76,Dining,CA,Tablet,5,0
1234,3.8,Online,UK,Desktop,7,0
1235,126.55,Grocery,UK,Tablet,11,0
1236,55.16,Travel,CA,Tablet,20,0
1237,239.73,Grocery,AU,Desktop,13,0
1238,76.91,Travel,DE,Desktop,11,0
1239,413.77,Dining,CA,Desktop,22,0
1240,24.63,Electronics,US,Desktop,9,0
1241,243.56,Online,AU,Mobile,21,0
1242,179.85,Gas,UK,Desktop,19,0
1243,176.84,Online,CA,Desktop,14,0
1244,223.55,Dining,UK,Desktop,6,0
1245,171.77,Grocery,AU,Tablet,8,0
1246,118.09,Gas,UK,Desktop,9,0
1247,16.88,Electronics,CA,Mobile,9,0
1248,3.97,Dining,AU,Mobile,15,0
1249,304.37,Gas,US,Desktop,6,0
1250,115.06,Dining,CA,Mobile,4,0
1251,191.07,Dining,DE,Tablet,22,0
1252,78.82,Electronics,CA,Desktop,2,0
1253,14.97,Travel,AU,Mobile,17,0
1254,16.05,Gas,CA,Mobile,10,0
1255,138.84,Electronics,US,Desktop,14,0
1256,67.52,Dining,US,Mobile,20,0
1257,26.86,Electronics,DE,Desktop,19,0
1258,81.18,Travel,UK,Mobile,4,0
1259,7.96,Online,AU,Tablet,23,0
1260,104.66,Gas,AU,Mobile,11,0
1261,37.6,Travel,UK,Mobile,3,0
1262,191.68,Grocery,US,Desktop,14,0
1263,44.59,Gas,US,Mobile,8,0
1264,72.88,Travel,CA,Desktop,6,0
1265,1.4,Dining,DE,Tablet,9,0
1266,9.02,Gas,DE,Desktop,22,0
1267,59.81,Gas,DE,Desktop,12,0
1268,78.46,Electronics,CA,Mobile,7,0
1269,109.96,Dining,DE,Tablet,11,0
1270,41.38,Grocery,UK,Desktop,21,0
1271,142.49,Online,CA,Mobile,23,1
1272,236.04,Travel,UK,Mobile,18,0
1273,181.61,Electronics,CA,Desktop,0,0
1274,4.85,Travel,DE,Mobile,15,0
1275,78.59,Grocery,UK,Desktop,21,0
1276,13.3,Grocery,UK,Desktop,16,0
1277,33.26,Gas,UK,Desktop,17,0
1278,518.06,Grocery,CA,Tablet,10,1
1279,18.45,Travel,AU,Desktop,17,0
1280,82.91,Dining,DE,Mobile,6,0
1281,115.53,Dining,UK,Tablet,17,0
1282,145.47,Gas,AU,Mobile,7,0
1283,98.42,Online,DE,Tablet,5,0
1284,1.18,Travel,DE,Tablet,6,0
1285,47.43,Travel,UK,Tablet,22,0
1286,87.51,Grocery,UK,Tablet,21,0
1287,11.04,Travel,CA,Mobile,9,0
1288,51.81,Electronics,AU,Desktop,10,1
1289,4.05,Online,AU,Mobile,12,0
1290,9.82,Grocery,UK,Desktop,8,0
1291,60.69,Electronics,DE,Mobile,6,0
1292,17.09,Gas,UK,Tablet,8,0
1293,100.59,Dining,DE,Tablet,12,0
1294,140.34,Gas,DE,Desktop,2,0
1295,193.49,Dining,UK,Desktop,2,0
1296,26.8,Gas,US,Mobile,0,0
1297,22.0,Travel,AU,Desktop,20,0
1298,13.25,Electronics,DE,Mobile,19,0
1299,121.41,Dining,DE,Desktop,1,0
1300,147.1,Grocery,US,Desktop,2,0
1301,3.85,Electronics,CA,Desktop,14,0
1302,330.26,Grocery,US,Tablet,23,0
1303,6.4,Electronics,US,Tablet,5,0
1304,93.52,Electronics,DE,Mobile,12,0
1305,148.16,Gas,AU,Desktop,20,0
1306,245.72,Dining,US,Mobile,0,0
1307,150.25,Dining,CA,Desktop,19,0
1308,194.17,Electronics,UK,Tablet,18,1
1309,49.76,Travel,US,Tablet,0,0
1310,202.37,Travel,US,Desktop,20,0
1311,10.02,Grocery,CA,Desktop,21,0
1312,270.25,Grocery,AU,Tablet,1,0
1313,95.18,Gas,US,Tablet,14,0
1314,203.99,Electronics,US,Mobile,13,0
1315,72.25,Grocery,AU,Tablet,18,0
1316,123.8,Grocery,CA,Desktop,10,0
1317,89.69,Online,US,Mobile,14,0
1318,157.83,Electronics,AU,Desktop,5,0
1319,10.22,Gas,US,Mobile,19,0
1320,7.47,Grocery,UK,Desktop,8,0
1321,34.06,Gas,DE,Tablet,4,0
1322,20.86,Dining,UK,Desktop,19,0
1323,246.48,Gas,US,Mobile,1,0
1324,29.69,Travel,CA,Desktop,5,0
1325,446.89,Travel,DE,Mobile,17,0
1326,49.3,Gas,UK,Desktop,22,0
1327,24.12,Travel,AU,Tablet,18,0
1328,187.11,Dining,CA,Tablet,8,0
1329,129.0,Electronics,UK,Desktop,20,0
1330,82.75,Travel,AU,Desktop,23,0
1331,97.26,Travel,US,Desktop,5,0
1332,152.41,Gas,AU,Mobile,13,0
1333,31.12,Dining,UK,Desktop,23,0
1334,673.04,Electronics,UK,Desktop,12,0
1335,441.68,Gas,US,Mobile,10,0
1336,126.09,Gas,AU,Tablet,11,0
1337,26.71,Online,AU,Desktop,18,0
1338,136.82,Dining,US,Desktop,18,0
1339,8.99,Electronics,AU,Tablet,20,0
1340,3.74,Dining,US,Tablet,18,0
1341,35.76,Electronics,CA,Mobile,23,0
1342,74.53,Dining,UK,Desktop,12,0
1343,243.24,Gas,CA,Desktop,13,0
1344,155.87,Gas,DE,Mobile,23,0
1345,162.9,Grocery,DE,Tablet,17,0
1346,66.51,Travel,DE,Mobile,11,0
1347,50.95,Online,US,Tablet,3,0
1348,55.64,Dining,AU,Mobile,9,0
1349,527.29,Online,CA,Tablet,16,0
1350,4.91,Grocery,CA,Mobile,3,0
1351,242.12,Travel,CA,Tablet,11,0
1352,103.72,Dining,CA,Tablet,12,0
1353,69.28,Electronics,DE,Tablet,3,0
1354,155.03,Travel,CA,Tablet,9,0
1355,80.02,Gas,AU,Tablet,2,0
1356,248.03,Grocery,DE,Desktop,14,0
1357,277.16,Travel,CA,Tablet,1,0
1358,65.72,Travel,US,Desktop,16,0
1359,38.89,Gas,UK,Tablet,5,0
1360,107.68,Dining,UK,Desktop,7,0
1361,292.15,Electronics,UK,Desktop,2,0
1362,28.39,Gas,DE,Mobile,17,0
1363,117.05,Electronics,CA,Tablet,21,0
1364,119.82,Dining,DE,Mobile,0,0
1365,158.51,Travel,AU,Mobile,15,0
1366,16.93,Electronics,US,Tablet,6,1
1367,150.98,Grocery,US,Mobile,2,0
1368,287.67,Grocery,UK,Tablet,22,0
1369,23.77,Gas,UK,Mobile,3,0
1370,32.55,Dining,UK,Tablet,8,0
1371,426.5,Gas,CA,Tablet,4,0
1372,23.96,Gas,AU,Tablet,18,0
1373,231.21,Online,AU,Desktop,14,0
1374,81.34,Gas,AU,Mobile,7,0
1375,34.08,Online,AU,Desktop,5,0
1376,245.52,Grocery,UK,Mobile,17,1
1377,70.72,Grocery,US,Mobile,18,0
1378,86.79,Gas,UK,Mobile,23,0
1379,53.41,Grocery,AU,Desktop,14,0
1380,107.86,Dining,UK,Mobile,6,0
1381,21.43,Online,AU,Desktop,9,0
1382,59.53,Online,DE,Tablet,5,0
1383,418.46,Gas,US,Mobile,13,0
1384,35.83,Grocery,DE,Mobile,16,0
1385,128.31,Electronics,CA,Tablet,8,0
1386,47.2,Online,UK,Tablet,18,0
1387,178.19,Gas,CA,Mobile,4,0
1388,16.83,Gas,UK,Tablet,22,0
1389,420.07,Dining,DE,Desktop,6,0
1390,72.57,Travel,AU,Desktop,18,0
1391,32.31,Travel,AU,Mobile,19,0
1392,9.16,Online,UK,Desktop,6,0
1393,22.32,Dining,AU,Desktop,23,0
1394,88.02,Dining,DE,Mobile,1,0
1395,49.32,Dining,AU,Tablet,22,0
1396,211.85,Online,DE,Mobile,15,0
1397,67.64,Travel,CA,Desktop,12,0
1398,34.32,Dining,DE,Mobile,7,0
1399,115.21,Grocery,US,Mobile,5,0
1400,147.22,Gas,US,Desktop,5,0
1401,21.93,Gas,US,Desktop,8,0
1402,22.02,Electronics,UK,Mobile,3,0
1403,4.48,Electronics,UK,Desktop,10,0
1404,160.0,Online,UK,Desktop,4,0
1405,130.81,Online,DE,Desktop,16,0
1406,77.24,Gas,UK,Desktop,19,0
1407,223.08,Grocery,CA,Desktop,6,1
1408,196.58,Travel,US,Desktop,14,0
1409,105.64,Travel,DE,Tablet,14,0
1410,243.24,Online,US,Mobile,13,0
1411,27.66,Grocery,UK,Desktop,12,0
1412,14.24,Online,DE,Mobile,10,0
1413,37.72,Travel,AU,Tablet,12,0
1414,7.05,Online,CA,Desktop,21,0
1415,90.9,Dining,UK,Mobile,23,0
1416,331.01,Online,UK,Desktop,8,0
1417,4.82,Gas,CA,Desktop,9,0
1418,15.63,Online,CA,Desktop,3,0
1419,72.22,Gas,AU,Desktop,16,0
1420,325.95,Grocery,UK,Desktop,13,0
1421,45.6,Travel,UK,Desktop,23,1
1422,84.93,Electronics,US,Desktop,17,0
1423,5.1,Electronics,DE,Tablet,10,0
1424,19.27,Travel,DE,Tablet,15,0
1425,517.77,Electronics,US,Desktop,0,0
1426,402.7,Online,DE,Desktop,6,0
1427,0.59,Grocery,CA,Tablet,9,1
1428,363.92,Grocery,DE,Tablet,8,0
1429,122.31,Travel,DE,Tablet,2,0
1430,242.92,Electronics,US,Desktop,21,0
1431,72.78,Online,AU,Mobile,22,0
1432,86.98,Grocery,DE,Mobile,13,0
1433,80.53,Grocery,DE,Mobile,14,0
1434,131.9,Dining,AU,Mobile,1,1
1435,18.05,Dining,US,Desktop,23,0
1436,3.65,Grocery,AU,Mobile,13,0
1437,44.17,Travel,US,Tablet,15,0
1438,146.36,Gas,CA,Tablet,6,0
1439,27.06,Gas,US,Mobile,3,0
1440,134.29,Online,CA,Tablet,17,0
1441,420.44,Grocery,CA,Desktop,23,0
1442,11.83,Grocery,US,Mobile,4,0
1443,133.99,Grocery,UK,Mobile,5,0
1444,70.38,Travel,US,Desktop,6,0
1445,243.12,Dining,DE,Tablet,14,0
1446,23.4,Grocery,DE,Desktop,0,0
1447,141.56,Grocery,UK,Desktop,23,0
1448,218.5,Electronics,CA,Tablet,3,0
1449,347.21,Travel,UK,Desktop,0,0
1450,137.96,Online,DE,Tablet,10,0
1451,82.5,Grocery,UK,Tablet,17,0
1452,115.43,Electronics,US,Desktop,13,0
1453,243.82,Gas,UK,Tablet,21,0
1454,101.45,Online,CA,Desktop,10,0
1455,3.7,Grocery,US,Tablet,9,0
1456,320.75,Grocery,AU,Mobile,16,0
1457,140.36,Electronics,DE,Tablet,3,0
1458,135.43,Travel,DE,Tablet,23,0
1459,29.15,Grocery,UK,Desktop,14,0
1460,129.06,Gas,US,Tablet,15,0
1461,60.08,Grocery,AU,Mobile,20,0
1462,126.4,Gas,US,Mobile,12,0
1463,13.53,Online,DE,Tablet,8,0
1464,128.7,Online,US,Tablet,10,0
1465,893.01,Dining,AU,Mobile,10,0
1466,5.93,Dining,UK,Desktop,5,1
1467,453.58,Gas,CA,Mobile,0,0
1468,62.69,Travel,US,Mobile,21,0
1469,245.52,Grocery,CA,Tablet,5,0
1470,183.0,Grocery,DE,Tablet,12,0
1471,100.45,Dining,UK,Mobile,21,0
1472,160.94,Gas,UK,Desktop,23,0
1473,252.96,Grocery,US,Mobile,21,0
1474,62.13,Grocery,UK,Mobile,4,0
1475,47.53,Travel,US,Desktop,14,0
1476,132.17,Electronics,US,Mobile,17,0
1477,197.93,Dining,CA,Mobile,19,0
1478,172.4,Dining,UK,Tablet,13,0
1479,191.83,Electronics,US,Desktop,14,0
1480,68.64,Grocery,CA,Tablet,4,0
1481,204.34,Travel,AU,Tablet,3,0
1482,15.37,Travel,CA,Desktop,1,0
1483,94.36,Dining,CA,Desktop,6,0
1484,0.69,Travel,US,Mobile,9,0
1485,47.09,Online,DE,Tablet,15,0
1486,54.77,Electronics,DE,Desktop,9,0
1487,60.54,Grocery,DE,Tablet,17,0
1488,142.68,Online,CA,Tablet,16,0
1489,59.03,Electronics,US,Desktop,20,1
1490,71.46,Gas,UK,Mobile,12,0
1491,32.55,Dining,CA,Tablet,0,0
1492,56.07,Travel,CA,Desktop,0,0
1493,30.94,Gas,US,Mobile,14,0
1494,9.12,Travel,AU,Tablet,0,0
1495,110.99,Online,CA,Desktop,5,0
1496,132.39,Grocery,AU,Tablet,12,1
1497,115.95,Grocery,AU,Desktop,0,0
1498,74.72,Grocery,DE,Desktop,4,0
1499,57.32,Travel,US,Tablet,8,0
1500,238.83,Gas,AU,Tablet,16,0
1501,87.85,Grocery,US,Desktop,15,0
1502,78.28,Gas,DE,Mobile,7,0
1503,3.12,Travel,US,Tablet,16,0
1504,50.09,Online,CA,Desktop,14,1
1505,57.4,Gas,AU,Desktop,23,0
1506,61.06,Online,US,Mobile,0,0
1507,104.15,Travel,UK,Mobile,11,0
1508,91.53,Travel,US,Mobile,4,1
1509,112.35,Dining,AU,Tablet,23,0
1510,173.72,Travel,DE,Desktop,5,0
1511,201.19,Travel,DE,Desktop,0,0
1512,151.95,Electronics,AU,Desktop,0,0
1513,373.54,Grocery,CA,Mobile,9,0
1514,2.21,Dining,CA,Desktop,9,0
1515,26.15,Dining,DE,Tablet,2,0
1516,0.91,Dining,DE,Mobile,16,0
1517,125.12,Electronics,AU,Mobile,18,0
1518,273.97,Online,CA,Mobile,10,0
1519,33.48,Travel,DE,Mobile,17,0
1520,314.13,Grocery,CA,Tablet,1,0
1521,7.46,Gas,DE,Desktop,8,1
1522,326.97,Online,US,Tablet,23,0
1523,51.99,Travel,UK,Desktop,16,0
1524,12.83,Electronics,US,Tablet,13,0
1525,79.83,Travel,DE,Mobile,3,0
1526,35.61,Travel,UK,Mobile,16,0
1527,40.24,Electronics,UK,Tablet,16,0
1528,44.06,Dining,DE,Tablet,11,0
1529,194.96,Dining,DE,Desktop,19,0
1530,92.96,Grocery,CA,Tablet,17,0
1531,44.76,Grocery,DE,Tablet,2,0
1532,113.1,Dining,AU,Desktop,10,0
1533,151.12,Online,DE,Desktop,17,0
1534,38.2,Gas,AU,Desktop,3,0
1535,64.04,Travel,DE,Tablet,16,0
1536,15.6,Gas,CA,Desktop,17,0
1537,23.98,Travel,AU,Mobile,4,0
1538,137.15,Dining,US,Mobile,13,0
1539,24.02,Grocery,AU,Mobile,9,0
1540,89.37,Online,CA,Tablet,14,0
1541,148.15,Grocery,AU,Mobile,0,0
1542,13.56,Gas,DE,Tablet,15,0
1543,100.53,Grocery,DE,Tablet,10,1
1544,35.58,Dining,CA,Mobile,22,0
1545,395.38,Online,UK,Desktop,19,0
1546,79.29,Gas,DE,Tablet,5,0
1547,196.78,Online,US,Mobile,23,0
1548,95.88,Travel,CA,Tablet,21,0
1549,5.33,Grocery,AU,Desktop,15,0
1550,120.34,Online,AU,Desktop,1,0
1551,362.9,Electronics,US,Mobile,0,0
1552,110.44,Grocery,DE,Tablet,23,0
1553,205.24,Travel,CA,Tablet,23,0
1554,258.71,Online,US,Tablet,8,0
1555,31.06,Gas,DE,Tablet,21,0
1556,28.6,Travel,CA,Mobile,11,0
1557,113.3,Electronics,AU,Desktop,16,0
1558,63.53,Online,CA,Mobile,14,0
1559,219.81,Dining,UK,Tablet,18,0
1560,276.34,Grocery,CA,Tablet,21,0
1561,52.33,Gas,UK,Desktop,9,0
1562,32.44,Dining,CA,Tablet,11,0
1563,181.98,Online,UK,Mobile,13,0
1564,38.56,Online,AU,Mobile,8,0
1565,207.53,Travel,DE,Desktop,12,0
1566,66.14,Online,UK,Mobile,2,0
1567,132.15,Gas,UK,Mobile,20,1
1568,12.05,Dining,AU,Mobile,13,0
1569,117.34,Gas,UK,Mobile,20,0
1570,72.13,Electronics,US,Tablet,9,0
1571,106.0,Electronics,AU,Mobile,15,0
1572,22.07,Grocery,US,Desktop,6,0
1573,160.21,Grocery,AU,Desktop,3,0
1574,238.36,Electronics,UK,Mobile,19,0
1575,29.31,Online,US,Desktop,22,0
1576,12.07,Gas,UK,Mobile,10,1
1577,2.87,Electronics,AU,Desktop,15,0
1578,123.26,Grocery,UK,Desktop,19,0
1579,112.1,Electronics,US,Mobile,3,1
1580,94.94,Online,US,Mobile,21,0
1581,31.67,Electronics,UK,Tablet,21,0
1582,59.49,Gas,CA,Mobile,22,0
1583,108.31,Dining,AU,Mobile,16,0
1584,82.4,Online,AU,Tablet,12,0
1585,528.62,Grocery,UK,Mobile,10,0
1586,17.6,Gas,CA,Mobile,2,0
1587,142.55,Electronics,US,Tablet,8,0
1588,62.17,Electronics,DE,Mobile,5,0
1589,67.08,Dining,DE,Mobile,21,0
1590,151.73,Grocery,UK,Tablet,20,1
1591,141.49,Grocery,CA,Tablet,10,0
1592,568.73,Travel,CA,Desktop,15,0
1593,16.49,Grocery,AU,Mobile,18,0
1594,13.19,Dining,US,Desktop,4,0
1595,154.63,Travel,CA,Desktop,13,0
1596,103.64,Travel,DE,Tablet,16,0
1597,38.45,Electronics,US,Mobile,2,0
1598,9.93,Electronics,US,Mobile,3,0
1599,10.75,Grocery,UK,Tablet,15,0
1600,269.53,Travel,CA,Desktop,15,0
1601,25.56,Electronics,UK,Tablet,20,0
1602,46.88,Dining,CA,Mobile,3,0
1603,30.84,Electronics,AU,Tablet,18,0
1604,52.62,Online,UK,Mobile,16,0
1605,8.63,Online,UK,Desktop,12,0
1606,87.84,Electronics,DE,Mobile,21,0
1607,8.4,Travel,UK,Desktop,22,0
1608,193.35,Travel,CA,Desktop,23,0
1609,31.94,Gas,DE,Mobile,0,0
1610,93.19,Online,UK,Mobile,11,0
1611,254.51,Dining,UK,Desktop,3,0
1612,126.28,Travel,AU,Tablet,10,0
1613,91.36,Grocery,UK,Mobile,4,0
1614,47.05,Online,US,Desktop,1,0
1615,48.6,Dining,DE,Desktop,16,0
1616,132.85,Dining,US,Tablet,7,0
1617,616.74,Travel,DE,Mobile,5,0
1618,130.11,Dining,AU,Desktop,20,0
1619,97.91,Travel,UK,Tablet,8,0
1620,157.41,Electronics,UK,Desktop,12,0
1621,75.1,Online,UK,Mobile,10,0
1622,7.44,Gas,DE,Tablet,15,0
1623,99.15,Electronics,UK,Desktop,15,0
1624,379.34,Online,US,Tablet,1,0
1625,23.13,Travel,UK,Mobile,9,0
1626,140.54,Online,AU,Tablet,11,0
1627,26.92,Travel,US,Mobile,7,0
1628,92.1,Electronics,UK,Desktop,10,0
1629,12.2,Grocery,UK,Mobile,9,0
1630,71.82,Grocery,CA,Desktop,12,0
1631,169.35,Online,DE,Desktop,16,0
1632,51.25,Grocery,US,Mobile,6,0
1633,131.2,Travel,CA,Desktop,23,0
1634,190.43,Dining,AU,Tablet,2,0
1635,314.37,Travel,DE,Desktop,19,0
1636,32.09,Dining,US,Mobile,12,0
1637,61.16,Electronics,UK,Tablet,18,0
1638,19.84,Gas,US,Tablet,6,0
1639,586.88,Dining,UK,Desktop,8,0
1640,314.08,Grocery,DE,Desktop,18,0
1641,93.17,Travel,UK,Mobile,12,0
1642,221.44,Electronics,AU,Tablet,21,0
1643,88.32,Grocery,UK,Mobile,7,0
1644,117.25,Electronics,AU,Desktop,21,0
1645,11.2,Gas,DE,Tablet,17,0
1646,168.91,Travel,DE,Mobile,22,0
1647,16.4,Online,US,Mobile,1,0
1648,209.89,Travel,AU,Mobile,17,0
1649,182.81,Gas,AU,Mobile,17,0
1650,148.03,Travel,CA,Mobile,10,0
1651,4.42,Online,CA,Tablet,0,0
1652,43.34,Dining,CA,Mobile,13,0
1653,36.64,Electronics,UK,Tablet,15,0
1654,53.58,Online,CA,Mobile,10,0
1655,11.01,Grocery,AU,Desktop,0,0
1656,331.67,Gas,UK,Desktop,6,0
1657,96.84,Dining,DE,Mobile,15,0
1658,43.75,Grocery,US,Desktop,13,0
1659,60.7,Grocery,CA,Tablet,14,0
1660,71.13,Gas,DE,Mobile,13,1
1661,110.13,Dining,AU,Tablet,20,0
1662,87.0,Grocery,US,Mobile,10,0
1663,302.18,Grocery,DE,Desktop,15,0
1664,82.45,Dining,US,Tablet,18,0
1665,581.79,Travel,CA,Desktop,16,0
1666,228.8,Grocery,AU,Desktop,5,0
1667,28.06,Electronics,US,Mobile,10,0
1668,320.14,Dining,DE,Tablet,16,0
1669,14.85,Grocery,CA,Desktop,8,0
1670,204.09,Gas,CA,Mobile,17,0
1671,57.48,Online,DE,Mobile,16,0
1672,252.42,Electronics,DE,Mobile,11,0
1673,243.05,Online,US,Desktop,22,1
1674,196.74,Online,UK,Mobile,21,0
1675,187.3,Grocery,CA,Tablet,21,0
1676,43.61,Electronics,US,Tablet,4,0
1677,10.13,Electronics,DE,Desktop,10,1
1678,61.9,Travel,US,Tablet,3,0
1679,22.87,Online,DE,Mobile,3,0
1680,142.47,Electronics,AU,Desktop,2,0
1681,50.98,Travel,DE,Mobile,23,0
1682,445.63,Dining,DE,Desktop,22,0
1683,122.92,Travel,DE,Desktop,16,0
1684,207.44,Gas,UK,Mobile,6,0
1685,17.06,Grocery,DE,Tablet,3,0
1686,237.67,Dining,CA,Tablet,22,0
1687,307.3,Dining,CA,Desktop,12,0
1688,80.11,Gas,US,Mobile,11,0
1689,111.85,Travel,UK,Mobile,0,0
1690,173.68,Grocery,US,Desktop,20,0
1691,23.06,Travel,CA,Tablet,18,0
1692,83.8,Electronics,CA,Mobile,20,0
1693,61.03,Travel,AU,Tablet,19,0
1694,18.99,Dining,DE,Tablet,17,0
1695,54.98,Grocery,CA,Desktop,10,0
1696,8.47,Travel,US,Desktop,19,0
1697,3.14,Grocery,US,Tablet,2,0
1698,17.43,Grocery,DE,Mobile,16,0
1699,395.99,Electronics,DE,Mobile,11,0
1700,95.7,Electronics,AU,Desktop,9,0
1701,405.14,Dining,UK,Tablet,7,0
1702,67.98,Gas,US,Mobile,14,0
1703,44.84,Grocery,DE,Mobile,4,0
1704,84.66,Gas,US,Desktop,3,1
1705,69.47,Dining,DE,Tablet,20,0
1706,13.4,Grocery,CA,Mobile,19,0
1707,122.87,Grocery,US,Desktop,18,0
1708,29.21,Online,CA,Mobile,20,0
1709,115.98,Gas,US,Mobile,3,0
1710,126.05,Travel,UK,Mobile,14,0
1711,19.79,Electronics,AU,Desktop,16,0
1712,7.6,Travel,CA,Tablet,11,0
1713,182.11,Gas,DE,Desktop,2,0
1714,73.9,Electronics,UK,Tablet,9,0
1715,7.19,Travel,US,Mobile,14,0
1716,632.63,Online,CA,Tablet,9,1
1717,7.14,Electronics,US,Mobile,23,0
1718,142.51,Grocery,US,Mobile,22,0
1719,493.84,Travel,US,Desktop,17,0
1720,32.8,Electronics,AU,Mobile,0,0
1721,18.41,Online,AU,Desktop,2,0
1722,15.53,Electronics,DE,Tablet,20,0
1723,43.36,Electronics,CA,Tablet,11,0
1724,12.78,Online,UK,Mobile,0,1
1725,141.38,Travel,UK,Desktop,2,0
1726,7.72,Dining,UK,Mobile,2,0
1727,85.46,Travel,US,Desktop,4,0
1728,685.55,Gas,AU,Desktop,18,0
1729,201.82,Online,CA,Desktop,0,0
1730,114.61,Travel,US,Tablet,3,0
1731,43.88,Electronics,AU,Desktop,3,0
1732,117.35,Online,AU,Tablet,16,0
1733,89.85,Grocery,CA,Desktop,13,0
1734,66.63,Travel,CA,Tablet,17,0
1735,16.81,Online,CA,Tablet,0,0
1736,261.22,Travel,US,Tablet,21,0
1737,71.69,Online,DE,Mobile,15,0
1738,25.97,Electronics,CA,Desktop,2,0
1739,55.02,Grocery,DE,Mobile,22,0
1740,64.16,Grocery,US,Desktop,20,0
1741,210.91,Gas,DE,Desktop,8,0
1742,158.74,Online,UK,Mobile,22,0
1743,176.0,Travel,DE,Tablet,3,0
1744,1.33,Grocery,CA,Desktop,20,0
1745,64.57,Grocery,US,Tablet,4,0
1746,78.78,Dining,CA,Mobile,10,0
1747,2.33,Dining,UK,Tablet,20,0
1748,36.1,Grocery,CA,Desktop,8,0
1749,171.4,Online,CA,Desktop,2,0
1750,17.7,Gas,CA,Desktop,5,0
1751,91.97,Grocery,AU,Mobile,23,0
1752,29.08,Electronics,UK,Desktop,10,0
1753,1.46,Travel,CA,Mobile,8,0
1754,33.12,Gas,CA,Tablet,14,0
1755,446.93,Electronics,CA,Desktop,22,0
1756,194.06,Gas,US,Desktop,2,0
1757,385.0,Electronics,AU,Desktop,0,0
1758,80.3,Travel,US,Tablet,19,0
1759,13.95,Travel,AU,Desktop,21,0
1760,95.28,Dining,CA,Mobile,18,0
1761,72.7,Online,UK,Tablet,13,0
1762,223.22,Electronics,DE,Tablet,16,0
1763,12.39,Dining,DE,Tablet,21,0
1764,80.39,Electronics,CA,Tablet,13,0
1765,19.51,Dining,US,Tablet,16,0
1766,47.11,Travel,UK,Mobile,13,0
1767,160.44,Gas,AU,Tablet,11,0
1768,77.56,Dining,CA,Desktop,15,0
1769,56.57,Electronics,UK,Tablet,0,1
1770,60.2,Electronics,UK,Tablet,12,1
1771,73.82,Online,AU,Tablet,5,0
1772,184.46,Travel,UK,Tablet,16,0
1773,267.17,Electronics,US,Tablet,11,0
1774,373.03,Grocery,US,Mobile,22,0
1775,185.52,Gas,US,Mobile,18,0
1776,45.47,Dining,UK,Tablet,5,0
1777,139.82,Online,US,Mobile,6,0
1778,69.07,Gas,AU,Desktop,0,0
1779,35.27,Travel,UK,Tablet,0,0
1780,220.57,Online,DE,Desktop,4,0
1781,4.7,Dining,UK,Desktop,5,0
1782,278.44,Dining,AU,Tablet,15,0
1783,74.27,Grocery,DE,Desktop,15,0
1784,121.67,Travel,UK,Desktop,13,0
1785,129.23,Online,US,Desktop,0,0
1786,270.59,Online,CA,Tablet,12,0
1787,121.49,Electronics,CA,Tablet,19,0
1788,114.21,Grocery,US,Desktop,9,0
1789,8.28,Grocery,CA,Tablet,23,0
1790,87.68,Online,CA,Tablet,9,0
1791,19.53,Online,US,Desktop,8,0
1792,160.47,Gas,US,Tablet,12,0
1793,86.15,Gas,UK,Mobile,2,0
1794,136.82,Gas,UK,Tablet,17,0
1795,5.11,Grocery,US,Mobile,19,0
1796,10.63,Electronics,AU,Desktop,1,0
1797,151.19,Dining,CA,Tablet,16,0
1798,8.98,Gas,UK,Desktop,18,0
1799,8.87,Electronics,CA,Desktop,22,0
1800,1.46,Travel,DE,Desktop,12,0
1801,376.2,Gas,US,Desktop,12,0
1802,160.5,Dining,AU,Desktop,0,0
1803,52.3,Travel,DE,Tablet,1,1
1804,42.21,Travel,DE,Mobile,0,0
1805,51.64,Dining,DE,Tablet,23,0
1806,178.81,Gas,US,Tablet,4,0
1807,129.94,Grocery,UK,Tablet,23,0
1808,24.58,Dining,US,Tablet,2,0
1809,22.96,Dining,UK,Mobile,6,0
1810,12.43,Dining,DE,Tablet,23,0
1811,129.56,Travel,DE,Desktop,21,0
1812,173.46,Electronics,AU,Tablet,12,0
1813,36.95,Grocery,UK,Tablet,22,0
1814,2.54,Gas,DE,Mobile,17,0
1815,10.29,Gas,CA,Mobile,23,0
1816,412.52,Electronics,AU,Desktop,20,0
1817,42.02,Dining,US,Tablet,6,0
1818,175.96,Grocery,AU,Tablet,0,0
1819,117.59,Gas,CA,Tablet,4,0
1820,57.74,Online,UK,Desktop,16,0
1821,27.63,Gas,US,Mobile,7,0
1822,15.53,Dining,US,Desktop,14,0
1823,114.55,Online,UK,Tablet,19,0
1824,178.8,Electronics,AU,Mobile,3,0
1825,123.91,Grocery,DE,Mobile,1,1
1826,90.68,Electronics,AU,Desktop,4,0
1827,5.14,Electronics,CA,Mobile,0,0
1828,414.89,Grocery,DE,Mobile,4,0
1829,192.36,Grocery,AU,Tablet,5,0
1830,41.58,Gas,UK,Tablet,1,0
1831,469.26,Gas,CA,Mobile,0,0
1832,110.52,Grocery,CA,Mobile,3,0
1833,104.79,Online,CA,Desktop,6,0
1834,165.43,Travel,DE,Desktop,21,0
1835,200.41,Gas,US,Mobile,0,0
1836,128.22,Travel,DE,Tablet,0,0
1837,16.45,Online,AU,Mobile,7,0
1838,49.55,Grocery,US,Mobile,19,0
1839,315.87,Online,AU,Tablet,15,0
1840,30.53,Gas,US,Tablet,20,0
1841,55.86,Electronics,DE,Desktop,12,0
1842,67.89,Grocery,CA,Desktop,22,0
1843,69.45,Dining,UK,Desktop,23,0
1844,113.9,Travel,CA,Desktop,22,1
1845,343.92,Online,DE,Tablet,17,0
1846,33.04,Grocery,US,Mobile,19,0
1847,15.54,Online,CA,Desktop,9,0
1848,26.4,Grocery,DE,Desktop,11,0
1849,261.56,Gas,AU,Tablet,0,0
1850,124.55,Gas,UK,Tablet,9,0
1851,40.41,Gas,CA,Mobile,8,0
1852,203.1,Online,US,Mobile,2,0
1853,237.11,Dining,AU,Tablet,18,0
1854,224.9,Gas,DE,Desktop,8,0
1855,301.49,Grocery,UK,Desktop,9,1
1856,34.88,Gas,US,Desktop,18,0
1857,168.8,Electronics,DE,Mobile,15,0
1858,74.06,Gas,DE,Desktop,23,0
1859,221.42,Online,CA,Desktop,17,0
1860,156.45,Dining,CA,Tablet,13,0
1861,179.77,Electronics,US,Desktop,2,0
1862,128.11,Online,DE,Tablet,1,0
1863,23.44,Online,CA,Desktop,0,0
1864,94.5,Online,UK,Mobile,17,0
1865,501.35,Grocery,UK,Desktop,23,0
1866,332.5,Online,DE,Desktop,8,0
1867,5.3,Grocery,CA,Tablet,12,0
1868,21.61,Online,US,Tablet,1,0
1869,16.95,Travel,US,Tablet,6,0
1870,155.35,Electronics,US,Desktop,15,0
1871,204.31,Travel,UK,Desktop,20,0
1872,28.82,Online,CA,Mobile,18,0
1873,84.59,Electronics,CA,Desktop,14,0
1874,220.44,Electronics,UK,Mobile,21,0
1875,158.37,Dining,US,Tablet,10,0
1876,93.77,Travel,US,Tablet,0,0
1877,107.09,Dining,DE,Tablet,20,1
1878,85.2,Electronics,AU,Mobile,6,0
1879,42.38,Grocery,CA,Desktop,19,0
1880,99.9,Electronics,CA,Tablet,7,0
1881,140.11,Dining,CA,Desktop,9,0
1882,247.93,Travel,AU,Desktop,4,0
1883,121.37,Online,DE,Tablet,8,0
1884,171.82,Online,AU,Mobile,0,0
1885,20.93,Travel,US,Desktop,1,0
1886,74.29,Online,US,Tablet,18,0
1887,1.13,Online,CA,Desktop,13,0
1888,33.99,Dining,UK,Desktop,19,0
1889,155.56,Travel,CA,Desktop,9,0
1890,576.58,Gas,UK,Desktop,8,0
1891,12.53,Grocery,AU,Desktop,9,0
1892,61.6,Grocery,US,Mobile,5,0
1893,193.18,Online,UK,Mobile,16,0
1894,27.38,Grocery,AU,Tablet,5,0
1895,97.18,Travel,US,Mobile,3,0
1896,158.49,Travel,UK,Mobile,19,0
1897,114.85,Electronics,CA,Mobile,2,0
1898,24.99,Electronics,CA,Desktop,22,0
1899,52.69,Grocery,CA,Desktop,18,0
1900,183.78,Gas,AU,Tablet,17,0
1901,96.95,Electronics,CA,Tablet,23,0
1902,0.63,Electronics,DE,Tablet,3,0
1903,171.75,Travel,US,Desktop,7,0
1904,4.31,Gas,AU,Mobile,16,0
1905,164.32,Online,CA,Mobile,4,0
1906,27.15,Grocery,US,Desktop,12,0
1907,380.62,Electronics,UK,Tablet,0,1
1908,55.05,Gas,CA,Tablet,12,1
1909,47.51,Gas,US,Tablet,3,0
1910,19.35,Grocery,DE,Desktop,21,0
1911,43.77,Gas,UK,Tablet,23,0
1912,251.13,Gas,DE,Tablet,13,0
1913,673.05,Gas,US,Desktop,2,0
1914,55.12,Electronics,DE,Mobile,4,0
1915,71.44,Grocery,US,Desktop,6,0
1916,153.65,Gas,US,Desktop,0,0
1917,260.79,Gas,DE,Desktop,22,0
1918,107.89,Electronics,US,Desktop,11,0
1919,59.62,Grocery,CA,Mobile,10,0
1920,63.85,Travel,US,Tablet,23,0
1921,142.74,Electronics,AU,Desktop,7,0
1922,0.39,Grocery,US,Mobile,5,0
1923,115.98,Gas,AU,Tablet,21,0
1924,52.71,Grocery,US,Tablet,1,0
1925,189.7,Grocery,US,Tablet,18,0
1926,11.71,Online,DE,Desktop,19,0
1927,106.47,Grocery,CA,Desktop,19,0
1928,78.7,Travel,CA,Tablet,23,1
1929,123.38,Grocery,UK,Tablet,13,0
1930,8.05,Travel,DE,Tablet,0,1
1931,104.1,Gas,DE,Tablet,9,0
1932,98.92,Travel,CA,Tablet,15,0
1933,98.7,Gas,DE,Tablet,3,0
1934,111.01,Gas,CA,Mobile,10,0
1935,135.41,Travel,DE,Tablet,15,0
1936,196.16,Electronics,US,Desktop,19,0
1937,37.74,Dining,CA,Desktop,0,0
1938,209.19,Grocery,CA,Desktop,15,0
1939,82.76,Online,AU,Tablet,18,0
1940,9.62,Dining,DE,Desktop,20,0
1941,7.24,Grocery,DE,Mobile,21,0
1942,48.82,Grocery,CA,Tablet,8,0
1943,184.4,Gas,US,Desktop,8,0
1944,147.59,Grocery,US,Mobile,8,0
1945,186.49,Online,US,Mobile,16,0
1946,87.4,Grocery,DE,Desktop,11,0
1947,69.62,Travel,AU,Mobile,12,0
1948,19.14,Dining,CA,Desktop,7,0
1949,47.73,Travel,UK,Mobile,15,0
1950,68.3,Online,AU,Tablet,17,0
1951,11.13,Grocery,UK,Tablet,0,0
1952,29.91,Online,AU,Tablet,0,0
1953,109.42,Gas,US,Tablet,11,0
1954,159.66,Travel,DE,Tablet,5,0
1955,768.66,Travel,UK,Desktop,8,0
1956,324.57,Electronics,AU,Tablet,22,0
1957,123.46,Grocery,DE,Tablet,4,0
1958,65.63,Gas,UK,Tablet,15,0
1959,121.33,Travel,CA,Tablet,17,0
1960,184.82,Travel,AU,Mobile,16,0
1961,15.11,Gas,CA,Tablet,17,0
1962,63.3,Online,US,Tablet,0,0
1963,219.76,Online,CA,Desktop,18,1
1964,58.11,Grocery,CA,Mobile,21,0
1965,101.8,Electronics,AU,Desktop,7,0
1966,106.34,Travel,US,Tablet,2,0
1967,24.47,Electronics,CA,Desktop,4,0
1968,53.97,Online,DE,Desktop,22,0
1969,48.87,Online,UK,Tablet,7,0
1970,3.19,Dining,CA,Mobile,18,0
1971,2.94,Grocery,US,Mobile,17,0
1972,213.84,Dining,CA,Desktop,17,0
1973,38.27,Dining,UK,Tablet,20,0
1974,87.6,Dining,US,Desktop,0,0
1975,42.58,Grocery,AU,Desktop,14,0
1976,338.98,Grocery,US,Desktop,17,0
1977,36.02,Gas,AU,Tablet,6,0
1978,67.38,Electronics,US,Tablet,15,0
1979,247.37,Electronics,UK,Mobile,15,0
1980,221.37,Gas,UK,Tablet,14,0
1981,24.71,Gas,US,Desktop,5,0
1982,194.73,Online,CA,Desktop,8,0
1983,73.54,Dining,UK,Mobile,6,0
1984,79.16,Gas,AU,Tablet,13,0
1985,17.19,Travel,AU,Desktop,10,0
1986,10.08,Electronics,DE,Mobile,20,0
1987,156.21,Gas,AU,Mobile,15,0
1988,82.33,Travel,DE,Desktop,5,0
1989,68.91,Travel,US,Desktop,21,0
1990,156.9,Travel,US,Tablet,15,0
1991,174.04,Online,US,Mobile,19,0
1992,20.77,Online,CA,Desktop,15,0
1993,113.06,Travel,CA,Mobile,11,1
1994,17.45,Online,DE,Tablet,16,0
1995,167.02,Dining,AU,Desktop,4,0
1996,128.39,Travel,AU,Tablet,12,0
1997,376.52,Dining,US,Mobile,7,0
1998,8.57,Dining,UK,Tablet,23,0
1999,7.05,Travel,CA,Tablet,4,0
2000,39.79,Electronics,CA,Mobile,11,0
